text,label
‘a target on roe v. wade ’: oklahoma bill making it a felony to perform abortions waits for governor’s decision,REAL
study: women had to drive 4 times farther after texas laws closed abortion clinics,REAL
"trump, clinton clash in dueling dc speeches",REAL
grand jury in texas indicts activists behind planned parenthood videos,REAL
"as reproductive rights hang in the balance, debate moderators drop the ball",REAL
abortion poses challenge for gop in 2016,REAL
the trump campaign is low on funds,REAL
"here’s how a wealthy trump supporter could give $783,400 to support his campaign and the rnc",REAL
trump’s deal with the rnc shows how big money is flowing back to the parties,REAL
hillary clinton: cure for citizens united is more democracy,REAL
trump’s campaign just got support from one of the republican party’s biggest donors,REAL
donors to g.o.p. candidates: you’re on your own,REAL
hillary clinton shatters $100m fundraising goal,REAL
jeb bush says he is making campaign 'adjustment',REAL
elite conservative moneymen remain on sidelines,REAL
million-dollar donors pump huge sums into 2016 white house race,REAL
'16ers off and running in money race,REAL
the overwhelming stress of being denied a bathroom,REAL
white house press secretary defends larry wilmore’s use of the ‘n-word’ in addressing president obama,REAL
feds warn schools that transgender bathroom restrictions could cost them (+video),REAL
"chaos on house floor as dems, republicans clash over lgbt proposal",REAL
eleven states sue obama admin. over transgender directive,REAL
house dems ‘shame’ opponents of defeated lgbt rights bill,REAL
the oregon standoff and america’s double standards on race and religion,REAL
america's racial generation gap takes an ugly political turn,REAL
bernie sanders faces frustrated crowd at race forum in minneapolis,REAL
"flint, michigan: neglected because city is black, poor?",REAL
"hillary clinton, bernie sanders: king's legacy is alive",REAL
nc governor partially changes 'bathroom bill' after backlash,REAL
does bernie sanders really want to win? three democratic debate takeaways,REAL
"supreme court, trump engulf capitol hill",REAL
"in year of supposed angry electorate, just one congressional incumbent ousted in primary",REAL
inside paul ryan’s quest to set the republican agenda,REAL
ryan hopes for new tone in trump campaign,REAL
house passes bills to combat opioid abuse | realclearpolitics,REAL
"ryan's 'encouraged' after trump meeting, but no endorsement yet",REAL
how the house of representatives can steal the election for the gop,REAL
house votes to upgrade international religious freedom law,REAL
paul ryan is not running for president -- or passing a budget,REAL
"ryan, gop house budget vows seem paralyzed by angst over gop white house battle",REAL
"congress sends health care repeal to obama, setting up certain veto",REAL
"ryan so far proves he can 'make the sausage,' but he'll likely be serving a much different house party in 2016",REAL
barack obama: why we must rethink solitary confinement,REAL
let's appreciate law enforcement and respect the reality of use of deadly force,REAL
"nevada rancher cliven bundy charged with assault, conspiracy",REAL
2016 race collides with baltimore unrest,REAL
defense department launches aggressive cyberattacks against isis,REAL
"liberal pundits blame debbie wasserman schultz, not bernie sanders, for democrats’ division",REAL
a fractured democratic party threatens clinton’s chances against trump,REAL
democrats weigh how to nudge sanders out,REAL
sanders tries to get clinton 'aggressive attack surrogates' off key campaign committees,REAL
when did the democratic party become such a nervous wreck?,REAL
it's time for democratic primary voters to focus on what they're hiring a president to do,REAL
sanders says he's backing dnc chair's primary opponent,REAL
"do democrats want what bernie wants, or just what bernie has?",REAL
"sanders, dem establishment battle boils over",REAL
us election 2016: bernie sanders' and hillary clinton's policies compared,REAL
martin o’malley in danger of being cut from next democratic debate,REAL
dems race to back clinton even before 2016 announcement,REAL
will democrats keep hammering the kochs?,REAL
philadelphia to host 2016 democratic national convention,REAL
dnc chair won't run for senate in 2016,REAL
syria casts shadows on 2016 dems,REAL
hillary clinton’s countless choices could hinge on 2016 election,REAL
dems fight to maintain digital edge,REAL
a viewer's guide to clinton fever,REAL
hillary clinton's first test,REAL
white house warns congress: fight zika or live to regret it,REAL
the nation he built,REAL
top democratic economists don't think much of bernienomics. he doesn’t care.,REAL
"billionaire bashing ignores economic reality, say class warfare critics",REAL
rival campaigns starting to fear ted cruz,REAL
"us economy adds paltry 38,000 jobs in may for weakest growth since 2010",REAL
may's jobs report: very disappointing,REAL
maryland has passed one of the nation’s strongest equal pay laws,REAL
first take: wall street bids goodbye to june hike,REAL
"report says trade deal would boost u.s. economy, but opponents say no",REAL
a harsh blow to small businesses: opposing view,REAL
overdue change in overtime pay: our view,REAL
what if the minimum wage increase is a fraud?,REAL
how to save america's crumbling middle class,REAL
will minimum wage hikes lead to a huge boost in automation? only if we're lucky.,REAL
want to shrink the wage gap? help parents care for kids.,REAL
why the drop in income inequality?,REAL
"u.s. economy adds 215,000 jobs in march, jobless rate ticks up to 5 percent",REAL
"the next recession could be around the corner, and the fed isn't ready for it",REAL
3 reasons the economy boomed in 2015,REAL
california's $15 minimum wage sets stage for grand experiment,REAL
"economy gained 242,000 jobs in february; unemployment rate holds steady",REAL
february jobs report: everything you need to know,REAL
gas prices could drop toward $1 a gallon,REAL
"u.s. economy added a robust 292,000 jobs in december",REAL
the december jobs report is even better than it looks. here's why.,REAL
what the economy means for 2016,REAL
"thom hartmann on ""the crash of 2016: the plot to destroy america—and what we can do to stop it""",REAL
"the real jobs numbers: 2014, 2016",REAL
"as deadlines come and go, puerto rico's debt crisis grows (+video)",REAL
with obama's budget proposal tuesday comes ryan's first big test,REAL
obama to propose spending $74b more in 2016 than mandatory spending cuts,REAL
obama wants to end the era of sequestration,REAL
obama budget sets off push for deals,REAL
can republicans govern? budget 2016 could be biggest test.,REAL
"budget 2016: obama moves left, testing republicans (+video)",REAL
"in iowa, potential candidates compete for 2016 spotlight",REAL
pentagon warns workers may need to take unpaid leave if sequester kicks in,REAL
"sequester just over a week away, but blame game has already begun",REAL
fact check: did hillary clinton introduce a new approach to early education?,REAL
the good news behind america's bad test scores,REAL
charting a course for charter schools,REAL
jeb bush invokes mlk as he unveils education plan,REAL
"on heels of big lawsuits, teacher tenure looms as a likely 2016 presidential issue",REAL
bush's education legacy loses luster,REAL
"kamala harris easily wins california senate primary, sanchez running second",REAL
trump puts gop house majority in jeopardy,REAL
scalia's death will cast a long shadow across this year's senate races,REAL
senate race rankings: dems attack as gop lays swing-state groundwork,REAL
"koch-backed network aims to spend nearly $1 billion ahead of 2016 elections, may engage in gop primaries",REAL
handicapping the hispanic vote for 2016 gopers,REAL
democrats see map and math working to their advantage in 2016 senate races,REAL
leadership void has hill republicans worried about 2016,REAL
the gop's big-money plan to save the senate,REAL
koch groups to spend nearly $1 billion on 2016,REAL
senate gop leaving tea party primary battles behind,REAL
north carolina could give the gop big headaches in 2016,REAL
"poll: alarm, anxiety",REAL
the early 2016 primary calendar is now set. it will change.,REAL
the kochs' plan to beat reid,REAL
long-shot candidates look to keep hope alive for 2016,REAL
chris christie landslide: template for a republican presidential win in 2016? (+video),REAL
reid plotting to stay in power,REAL
bobby jindal governing like it's 2016,REAL
top republicans join obama in condemning trump’s words,REAL
donald trump tests the limits of his showman style,REAL
"bernie sanders, party crasher: notes on the (looming) end of a campaign",REAL
inside the swing-state playbooks,REAL
donald trump revokes washington post press access (+video),REAL
"clinton, sanders meet; clinton wins d.c. primary",REAL
donald trump is changing his campaign slogan to prove he’s not racist,REAL
donald trump bans 'washington post' from campaign events,REAL
trump's terror response has republicans fretting anew,REAL
trump’s tragic victory lap,REAL
a combative donald trump shows up at tampa and pittsburgh rallies,REAL
"trump, and what he might say next, is burning up gops political capital in washington",REAL
hillary clinton is suddenly cool again,REAL
why i'm running for president,REAL
exclusive: hundreds allege donald trump doesn’t pay his bills,REAL
elizabeth warren backs hillary clinton,REAL
anti-trump forces seek last-ditch delegate revolt,REAL
elizabeth warren declares herself ready to be hillary clinton's running mate,REAL
"clinton, warren huddle after endorsement, stoking vp speculation",REAL
trump doesn’t have a national campaign. so the gop is trying to run one for him.,REAL
elizabeth warren's speech attacking donald trump made a bigger argument about republicans,REAL
"after meeting with obama, it sounds like bernie sanders is preparing for defeat",REAL
sanders signals the end is near,REAL
trump and the judge: our view,REAL
can the democratic party find unified path to the general election?,REAL
sanders vows to work with clinton as dems move toward party unity,REAL
clinton clinches democratic nomination – sanders vows to fight on,REAL
bernie sanders is expected to endorse hillary clinton today. what did his movement mean?,REAL
"it ends with both a bang and a whimper for clinton, trump and sanders",REAL
"as sanders refuses to bow out, millennials urge him to keep fighting",REAL
breaking the ultimate glass ceiling,REAL
clinton clinches democratic nomination as sanders stays in race,REAL
clinton on historic victory: 'we've reached a milestone',REAL
bernie sanders has been vanquished. can hillary clinton now win over his followers?,REAL
"clinton claims milestone as first female major-party nominee, wins california primary",REAL
bernie sanders’s aides just threw him under the bus to politico,REAL
this is what making history looks like,REAL
"ryan endorses trump, trump crushes ryan’s dreams",REAL
"sizing up clinton vs. trump -- strengths, weaknesses",REAL
too soon? media declares clinton the presumptive nominee,REAL
"clinton has delegates to win dem nomination, ap reports; sanders questions tally",REAL
trump draws fire from gop leaders over attacks on latino judge,REAL
democratic primaries: clinton claims nomination victory,REAL
clinton and sanders neck and neck in california primary,REAL
"hillary clinton has delegates to clinch nomination, ap reports – as it happened",REAL
hillary clinton shatters america’s 240-year-old glass ceiling,REAL
"as clinton moves to brink of nomination, sanders eyes california upset",REAL
donald trump is blatantly racist — and the media is too scared to call him out on it,REAL
"donald trump said ‘university’ was all about education. actually, its goal was: ‘sell, sell, sell!’",REAL
was california the last weekend at bernie's house of hope?,REAL
bernie's california endgame,REAL
is donald trump more honest than hillary clinton?,REAL
"clinton is close, but sanders not ready to give up",REAL
jake tapper asked donald trump if his judge attack was racist — then followed up 23 times,REAL
megyn kelly rips into donald trump for his attacks on a federal judge,REAL
how anti-trump violence could elect him,REAL
clinton turns trump attacks up to 11,REAL
why paul ryan now says he'll vote for donald trump,REAL
poll: 71 percent of dems think clinton should keep running even if indicted,REAL
"trump rips 'unfair' coverage, has choice words for abc reporter",REAL
"sanders: americans, superdelegates must 'take a hard look' at ig report on clinton emails",REAL
"ugly, bloody scenes in san jose as protesters attack trump supporters outside rally",REAL
"trump’s personal, racially tinged attacks on federal judge alarm legal experts",REAL
huffpollster: third party candidates face substantial challenges in the general election,REAL
clinton says electing trump would be 'historic mistake',REAL
us election 2016: can clinton win over republican moderates?,REAL
"bernie sanders, hillary clinton battle for california",REAL
"if donald trump gets rattled by press, how would he handle putin?",REAL
don't fall for 'lesser of two evils' argument,REAL
"sanders says 'tough guy' trump should reconsider, still debate him",REAL
trump university 'playbooks' offer glimpse of ruthless business practices,REAL
the art of the swindle,REAL
a report said trump's donations to vets might be shady. his response was predictable.,REAL
donald trump's obsession with himself,REAL
how donald trump could win,REAL
donald trump and hillary clinton are wildly unpopular. but is this the guy to fill the void?,REAL
shady accounting underpins trump’s wealth,REAL
we can't reward hillary clinton with the white house for breaking all the rules,REAL
can libertarian nominees gary johnson and bill weld siphon votes from trump?,REAL
"yes, bernie polls better against trump than hillary—but there’s a catch",REAL
donald trump v bernie sanders: confusion reigns over possible debate,REAL
rubio called trump a dangerous ‘con man.’ now he says trump should be president.,REAL
sanders warns clinton against moderate as vp,REAL
"pro-trump, anti-trump groups clash in san diego",REAL
rnc scrambles to calm state gop officials,REAL
libertarian party set to pick nominee at convention,REAL
"no, sanders wouldn't be a better match for trump",REAL
the real reason hillary clinton's vp shortlist is so short,REAL
"with trump vs. clinton looming, libertarians get a look",REAL
'game on': could there be a donald trump-bernie sanders debate?,REAL
will trump's convention be safe?,REAL
donald trump clinches gop nomination,REAL
barack obama says donald trump is 'rattling' world leaders,REAL
protests at donald trump rally overshadow washington primary win,REAL
"clinton, sanders split the votes in tuesday's primaries",REAL
"megyn kelly special: trump defends tone, says bid will be ‘complete waste’ if he doesn’t win",REAL
trump hits 'magic number' of delegates required for nomination,REAL
obama says world leaders right to be 'rattled' by trump,REAL
hillary's summer of scandal,REAL
"who fights for the middle class? elizabeth warren, donald trump trade barbs.",REAL
why trump is dredging up 1990s attacks against the clintons,REAL
"clinton declares victory in kentucky, sanders wins oregon",REAL
"megyn kelly special: trump defends tone, says bid will be ‘complete waste’ if he doesn’t win",REAL
bernie's not-so-secret-weapon,REAL
bernie sanders digs in,REAL
rnc chairman warns against 'suicide' third-party run against trump,REAL
donald trump to ben carson: you’re fired… from my vp team,REAL
trump uses egyptair disappearance to showcase differences with clinton,REAL
new poll finds donald trump almost caught up with hillary clinton,REAL
who's winning indiana? it's anybody's guess,REAL
will latino loathing of trump drive a voter movement to swing the election?,REAL
hillary's general election mobilization challenge is much broader than bernie voters,REAL
"do democrats want what bernie wants, or just what bernie has?",REAL
"charts: sanders has spent the most on ads, but trump has spent best",REAL
"parties find gold mine in trump, clinton’s sky-high negatives",REAL
what can clinton do with sanders?,REAL
"exclusive: more than 100 lawsuits, disputes over taxes tied to trump and his companies",REAL
"donald trump, paul ryan and gop 'unity.' it's all about the numbers, america",REAL
"democratic party leaders, bernie sanders spar over nevada convention chaos",REAL
clinton campaign wrestles with how to attack trump,REAL
how donald trump has made this election about women voters,REAL
5 takeaways from kentucky and oregon,REAL
"gop leaders: donald trump, paul ryan meeting 'critical'",REAL
"ryan meets trump, says ‘very encouraged’ but unity will take time",REAL
"hillary clinton narrowly wins kentucky, a state bernie sanders needed by huge margins",REAL
clinton declares victory in kentucky primary; sanders wins in oregon,REAL
"clinton claims kentucky victory, sanders wins oregon",REAL
wasserman schultz on sanders' response to nevada chaos: 'anything but acceptable',REAL
sanders trounces clinton in w. va. -- but will it make a difference?,REAL
gop leaders: 'people don't care' about trump's woman problem,REAL
can hillary flip the script in oregon and kentucky?,REAL
changing superdelegate rules would still leave sanders behind,REAL
donald trump is about to start getting intelligence briefings,REAL
is sanders 2016 becoming nader 2000?,REAL
rnc chairman: third-party run would be a 'suicide mission',REAL
the daily 202: the presidency is hillary clinton’s to lose. here are 12 ways she could lose it.,REAL
why trump is a shocking gop choice,REAL
inside planned parenthood's $30 million campaign for 2016,REAL
ohio senator defends hillary clinton on trade,REAL
why would anyone want to be trump or clinton’s vp?,REAL
"dems, not gop hold key for trump in november",REAL
trump: 'really surprised' by ryan holding back endorsement,REAL
log in - new york times,REAL
inside the gop effort to draft an independent candidate to derail trump,REAL
hillary clinton's 'delegate hell',REAL
john boehner thanks god cruz didn't win,REAL
here’s the best way to stop trump—and save republicans in the senate and house,REAL
"martha maccallum: it's donald trump's moment. and this is how we got here, america",REAL
the map is tough for any republican. it’s completely daunting for donald trump.,REAL
"for some republicans, trump presents moral dilemma",REAL
trump's women problem,REAL
hillary clinton makes a bipartisan appeal on staten island,REAL
ryan on meeting with trump: 'it’s important we don’t fake unifying',REAL
trump pivots to general election fight as last rival kasich bows out,REAL
march 15 exit poll results: the polarization of primary electorates,REAL
how well-meaning political reformers are helping to elect president trump,REAL
"in the name of party unity, trump meets with ryan, other gop leaders",REAL
"for some republicans, trump presents moral dilemma",REAL
"trump, ryan tout unity in wake of meeting",REAL
why west virginia is making democrats nervous (+video),REAL
why hillary clinton wins even when she loses,REAL
presumptive nominee? trump indiana win creates big challenge to unite party,REAL
cruz wins majority of delegates at virginia convention,REAL
donald trump's refusal to release tax returns 'disqualifying' says mitt romney,REAL
sanders' west virginia win shows strength but not delegates,REAL
what to watch in tuesday's primaries,REAL
making america blue again? donald trump and taxing the rich.,REAL
hillary clinton has edge over donald trump in general election,REAL
"dead heat: trump, clinton tied in 3 swing-state polls",REAL
feel the chill: can clinton win over bernie voters?,REAL
"trump replays clinton 'woman card,' defends 'pull out' middle east strategy",REAL
"sanders, trump easily win west virginia primary; trump picks up nebraska too",REAL
fault lines: gop civil war deepens,REAL
west virginia primary takes backseat to trump's battle with republicans,REAL
can trump re-draw the electoral map? there’s one big problem.,REAL
hillary clinton’s dilemma: how to fight two opponents at once,REAL
cruz campaign: we could have stopped trump if rubio became running mate,REAL
mccain on trump: 'foolish' to ignore will of gop voters,REAL
"cheney hates trump, endorses him anyway",REAL
gop establishment finally warming up to 'the donald'?,REAL
g.o.p. infighting surpasses “flavor of love” levels as trump divides party,REAL
romney met privately with kristol to discuss third-party candidate,REAL
sanders poised for may win streak,REAL
how ryan decided to ditch trump,REAL
donald trump's clintonesque foreign policy,REAL
how bernie changed hillary,REAL
judith miller: it’s what was left unsaid in trump’s speech that matters most,REAL
cruz announces fiorina as choice for running mate,REAL
why you shouldn’t (totally) freak out about a trump presidency,REAL
anti-trump delegates now responsible for nominating him,REAL
just how ugly will the general election be? here's a preview,REAL
kasich bows out. did he do 'the right thing?',REAL
how donald trump defied all odds,REAL
"if donald trump wants to beat hillary clinton, he needs to win these 5 states",REAL
trump’s sweep is another humiliating defeat for media and political elites,REAL
"done deal? clinton, trump shift to general election after big wins",REAL
four big takeaways from trump's 'acela primary' triumph,REAL
mitt romney refuses to support trump: “i keep hoping that somehow things will get better”,REAL
hillary clinton doesn't need to choose between a reassuring campaign and progressive policies,REAL
inside cruz’s crumbling campaign,REAL
"if trump destroys gop, he may take dnc down with him: jonah goldberg",REAL
gergen: trump win is history in the making,REAL
"ted cruz, the master strategist, was no match for trump's cult of personality",REAL
what is sanders’ route to the democratic nomination?,REAL
trump's big sweep: why a winner's aura matters more than math,REAL
"kasich tells indiana voters to support him, despite pledge not to campaign",REAL
the end of the road for john kasich,REAL
the ted cruz meltdown,REAL
ted cruz: protester would get spanking at my house,REAL
what to watch for in the indiana primary,REAL
hillary clinton’s growing problem with independents,REAL
ted cruz popularity among republicans takes a serious nosedive: gallup,REAL
"desperate measures: cruz, kasich team up to take down trump",REAL
"cruz, kasich campaign announce collaboration to deny trump delegates",REAL
"why now, john kasich?",REAL
here's why i never warmed up to bernie sanders,REAL
this is why hillary clinton can't tell bernie sanders to drop out,REAL
clinton: experience with men 'off the reservation',REAL
starnes: donald trump is not a conservative,REAL
trump ups the ante in indiana,REAL
cruz takes on caitlyn jenner over transgender fight,REAL
voters' dilemma: what happens if it's hillary vs. trump?,REAL
"indiana gov. mike pence endorses ted cruz, praises donald trump",REAL
trump advisors try to pivot not fishtail,REAL
"clinton rails against big banks, but refuses to release wall street speeches",REAL
how bernie sanders beat the polls and won indiana,REAL
ted cruz drops out of the 2016 presidential race,REAL
cruz confronts pro-trump protesters in indiana: ‘he’s taking advantage of you’,REAL
"cruz’s closing case against trump: ‘we are not a bigoted, angry people’",REAL
if hillary clinton were a man,REAL
protesters take to streets after trump rally in california,REAL
will the real donald trump please stand up?,REAL
"will voters soon see a kinder, gentler donald trump?",REAL
"sanders, cruz resist pressure after ny losses, vow to fight to conventions",REAL
the disciplined donald: how trump triumphed by toning things down,REAL
donald trump is really going to be the nominee. this is actually happening.,REAL
fiorina just a pawn in game cruz can't win,REAL
can donald trump avoid a contested convention?,REAL
why trump is still likely to fall 52 delegates short of nomination,REAL
"as cruz (once again) secures more delegates, trump camp (once again) calls process unfair",REAL
bernie sanders: what's his endgame now?,REAL
trump triumphs: two big takeaways after the donald wins new york,REAL
"dem tensions flare as superdelegates flock to clinton, even in states sanders won",REAL
"protests rage outside trump rally in orange county; 17 arrested, police car smashed",REAL
the case for a clinton-warren ticket,REAL
donald trump's big night: don't underestimate him,REAL
"trump, clinton cruise to new york wins; cruz must rely on contested convention",REAL
the battle of new york: why this primary matters,REAL
"new york state of mind: trump, clinton seek landslide wins on home turf",REAL
is cruz too conservative to win? ny times says he's sooo right-wing,REAL
ten inconsistencies in donald trump's big foreign policy address,REAL
trump begins california campaign with raw performance in o.c.; protesters take to the streets,REAL
clinton is the insider who’s surviving in the year of the outsider,REAL
voters have given up on trust: kirsten powers,REAL
four ways to fix american politics,REAL
can cruz-kasich strategy really stop trump?,REAL
fact check: bernie sanders and whether poor americans vote,REAL
tuesday's 'amtrak' primary runs on one timetable,REAL
what do voters see in trump? his authentic phoniness.,REAL
a shutout for donald trump - the boston globe,REAL
cruz and kasich form an alliance: is that fair? (+video),REAL
cruz and kasich announce joint strategy to block trump,REAL
a trump-clinton general election poses a question: which one does america hate less?,REAL
how many republican delegates are at stake in tuesday’s primaries?,REAL
the cruz-kasich alliance: how it plans to stop trump (+video),REAL
"cruz, kasich join forces to stop trump",REAL
cruz and kasich team up to stop trump,REAL
"sorry gov. kasich, ‘electability’ is bunk",REAL
"sparks fly over wages, wall street and war at heated clinton-sanders debate",REAL
poll: trump reaches 50 percent support nationally for the first time,REAL
the cruz-kasich alliance against trump is likely doomed,REAL
sanders: democratic party hasn't been fair to me,REAL
can sanders' millennials switch to clinton?,REAL
florida prosecutor won't pursue charges against trump aide,REAL
"trump draws rnc rebuke over ‘rigged’ primary charge, missing key deadlines",REAL
‘i consider myself the presumptive nominee’: trump declares after tuesday sweep,REAL
"among this group of gop primary voters, trump is the porsche of candidates",REAL
delegates face death threats from trump supporters,REAL
will a ny win help front-runners win parties' nominations?,REAL
the problem with cruz and kasich aligning to stop donald trump,REAL
"closed primaries, 'warped' democracy?",REAL
trump tries to smooth things over with gop insiders,REAL
trump wrong about ads attacking kasich,REAL
trump slams gop nominating process as top aide accuses cruz of 'gestapo tactics' to win delegates,REAL
"cruz dominates, trump falls short again as more states pick delegates",REAL
has hillary clinton outstayed her welcome?,REAL
the 2016 democratic primary has been unusually substantive and low-key,REAL
here's why the new york primary did not change 2016 race,REAL
"can donald trump really hit 1,237 before cleveland?",REAL
five reasons the new york democratic primary felt competitive,REAL
"after new york wins, trump and clinton look forward to knockout round",REAL
new york restores order for 2016 front-runners,REAL
new york election results: 5 takeaways,REAL
5 takeaways from the new york primary,REAL
hillary torches the bern in ny blowout,REAL
veterans' charities reportedly receive fraction of money raised by trump event,REAL
"trump is playing ‘a part’ and can transform for victory, campaign chief tells gop leaders",REAL
kasich: ‘my republican party doesn’t like ideas’,REAL
who's got the best chance against clinton? it's not who you think…,REAL
an open letter to donald trump from ari fleischer: five things you need to do now,REAL
where does bernie sanders go from here?,REAL
this election is an unpopularity contest for the ages,REAL
"new york primary preview: clinton, trump look to home state to help put races away",REAL
"in the big apple, political fortunes can change in a new york minute",REAL
"will cruz, sanders victories lead to contested conventions?",REAL
"cruz, sanders pick up convincing wins over trump, clinton in wisconsin",REAL
sanders momentum pushes obama to sidelines,REAL
front-runners head into wis. primaries on shaky ground,REAL
time is running out for bernie sanders,REAL
"hillary clinton, the 'gender card' and what it could mean in november",REAL
clinton and sanders say student loan rates are too high; here’s what’s going on,REAL
donald trump keeps up rnc delegate fight,REAL
sanders campaign accuses clinton of ducking debates as wisconsin battle looms,REAL
california's presidential primaries matter this year — and too many voters may be left out,REAL
the gop would unite against trump at its own peril,REAL
"latest and perhaps last debate highlights animosity of sanders, clinton",REAL
6 takeaways: democrats tangle at debate in new york,REAL
"clinton, sanders let loose in new york debate | realclearpolitics",REAL
democratic debate: is clinton or sanders the real new yorker? (+video),REAL
what to watch at 's key clinton-sanders debate in new york,REAL
"trump claims abortion remarks taken out of context, but admits 'it could be that i misspoke'",REAL
"the real problem with hillary clinton’s speaking fees is judgment, not corruption",REAL
the real ted cruz conspiracy: convincing voters to hate him less,REAL
it’s on: tensions between trump and the gop escalate in public fight,REAL
bernie sanders picks up first endorsement from a senate colleague,REAL
reince priebus is in over his head,REAL
donald trump: rules 'stacked against me',REAL
trump backtracks on abortion comments after backlash,REAL
sanders launches late-stage bid to woo superdelegates,REAL
john kasich’s advice for women to prevent sexual assault: avoid parties “where there’s a lot of alcohol”,REAL
donald trump rages against the machine,REAL
trump's reality tv playbook: seven ways it changed 2016 election,REAL
billionaires fund anti-trump delegate push,REAL
ted cruz: drudge in trump’s pocket,REAL
"trump rescinds pledge to back republican nominee; cruz, kasich refuse to commit support",REAL
political hatefest: why the media—and the candidates—are dragging down the campaign,REAL
"sanders sweeps in alaska, hawaii, washington, but too little too late?",REAL
the new gilded age: close to half of all super-pac money comes from 50 donors,REAL
inside ted cruz’s novel strategy for winning from behind,REAL
cruz's methodical delegate strategy narrows trump's path to gop nomination,REAL
past cases suggest hillary won’t be indicted,REAL
outsider campaigns seek inside track,REAL
"sanders eyes western comeback, chips away – slightly – at clinton lead",REAL
why trump's campaign manager won't be prosecuted for grabbing a reporter,REAL
cruz likely to block trump on a second ballot at the gop convention,REAL
"sanders, losing in delegates to clinton, claims 'path to victory'",REAL
bernie sanders says bill clinton owes americans an apology,REAL
donald trump’s all-american refusal to ever say ‘i’m sorry’,REAL
"trump, clinton battle for israel vote, vow support in major washington speeches",REAL
"ted cruz isn't donald trump, so he's good enough",REAL
the daily 202: ted cruz’s war with matt drudge could become a huge problem for his campaign,REAL
sanders supporter creates superdelegate 'hit list'; superdelegates not amused,REAL
political ‘hunger games’ roils trump’s inner circle,REAL
strong organization helps cruz dominate colorado delegate hunt,REAL
donald trump’s sloppy voter outreach extends even to his own children,REAL
how far can campaigns go to win support from a republican delegate?,REAL
donald trump’s shockingly weak delegate game somehow got even worse,REAL
"trump's challenges come to the fore, reshaping gop race",REAL
trump rnc manager: 'winning isn't enough',REAL
cruz is as bad as trump and maybe worse: column,REAL
"hillary isn't winning over many pundits, even on the left",REAL
the many contradictions of hillary clinton,REAL
the boston globe imagined how it would cover a president donald trump. it's horrifying.,REAL
sanders: clinton is not 'qualified' to be president,REAL
fasten your seat belt — it's going to be a bumpy ride to the conventions,REAL
"moving pieces: gop alliances shift in bids to block, boost trump",REAL
"what happens to delegates won by rubio, other ex-candidates?",REAL
marco rubio ends bid after losing his home state,REAL
trump's super night: now the gop is betting on convention chaos,REAL
the daily 202: bill clinton’s argument with black lives matter protesters is 2016’s sister souljah moment,REAL
"bernie sanders and ted cruz claim wisconsin victories, ignore daunting delegate math",REAL
hillary clinton has had enough of bernie sanders,REAL
ted cruz: now the odds-on favorite,REAL
cruz win moves gop closer to contested convention,REAL
ted cruz victory shows gop's impossible conundrum (+video),REAL
clinton wrong about wall street attacks,REAL
could this be the real 'super tuesday'? a look at what's at stake,REAL
the silent majority is mad as hell,REAL
sanders ticks off ways clinton not ‘qualified’ to be president,REAL
how wisconsin could be a turning point in the gop race (+video),REAL
"wisconsin primary preview: cruz, sanders hope for wins to seize momentum",REAL
wisconsin primary: 5 things to watch,REAL
new polls show rubio trailing in florida; kasich in a dogfight to win ohio,REAL
rivals slam trump over violent rallies: 'he incites violence',REAL
"clinton prepares for trump’s insult machine, which has already turned her way",REAL
"could rnc delegates be bought? legally, maybe",REAL
"wisconsin, long the front-runner's friend, looks to play spoiler on tuesday",REAL
a 3-way presidential race? it's not too late for another white house bid,REAL
"in a revealing interview, trump predicts a ‘massive recession’ but intends to eliminate the national debt in 8 years",REAL
"as always, u.s. adores a good sex scandal",REAL
cruz allies prevail in north dakota delegate race,REAL
"is donald trump really, finally falling apart?",REAL
fact-checking the clinton-sanders spat over big oil contributions,REAL
carson super pac drops effort to push him for vp,REAL
"clinton, under fire for oil and gas donations, once hit obama for same reason",REAL
ben carson throws support behind donald trump,REAL
"rubio shifts tactics; trump sticks to themes, seeks unity at subdued gop debate",REAL
"after stumbles, trump seeks to avert damaging loss in wisconsin",REAL
trump would be least-popular major-party nominee in modern times,REAL
how donald trump sees himself,REAL
3 reasons why trump's abortion comments are dangerous for his campaign,REAL
trump's abortion answer confirms gop fears,REAL
2016 presidential election headquarters,REAL
"who's best for hispanics? clinton, sanders debate",REAL
clinton allies urge campaign to torch trump,REAL
why the death of gop 'loyalty pledge' matters,REAL
the big question about hillary clinton: what if the fbi is onto her?,REAL
trump says gop opposition to him 'taking advantage of our country',REAL
"fed up voters send a message with trump, sanders victories",REAL
takeaways from the gop town hall,REAL
donald trump's bizarre war on women,REAL
"donald trump triumphs in michigan and mississippi. onward, reality show junkies",REAL
sanders upsets clinton in michigan; trump notches three more wins,REAL
"trump, cruz agree on one thing: rubio should quit",REAL
"in trump's world, women have always been objects",REAL
axelrod: the slow-motion implosion of the republican party,REAL
bernie sanders' big day,REAL
what hillary clinton needs to tell voters who don’t want to have a beer with her,REAL
watch a bird make an uninvited appearance at sanders rally,REAL
"sanders turns up attacks on clinton at feisty debate, dem front-runner fights back",REAL
"the trump network sought to make people rich, but left behind disappointment",REAL
"clinton, trump win delegate-rich arizona, but falter in utah and idaho",REAL
a whirlwind day in d.c. showcases trump’s unorthodox views and shifting tone,REAL
what to watch in saturday's democratic contests,REAL
how trump vs. clinton could reshape the electoral map,REAL
jeb bush endorses ted cruz for president,REAL
"after brussels, trump's 'strength' resonates with gop voters (+video)",REAL
how does donald trump get so much air time? media ethics under fire.,REAL
cruz wins cpac presidential straw poll,REAL
"trump, cruz keep on winning. four reasons why 'super saturday' matters",REAL
"expected wins for clinton, trump rivals in big saturday balloting, but will it be enough?",REAL
down and dirty: mud flies at republican debate,REAL
"clinton takes four states, giving a big boost to her delegate total",REAL
kasich’s ohio win pushes g.o.p. race closer to chaotic convention,REAL
hillary clinton had an amazing night — and not just because of her victories,REAL
"if the gop race was a march madness bracket, this is how it would look",REAL
ben carson’s camp plots vice presidential bid,REAL
excruciating choice for gop leaders: take a risk on trump?,REAL
rivals spar with trump on trust at gop debate – but all vow to support nominee,REAL
"open warfare: romney calls trump ‘a phony, a fraud’; trump calls romney ‘failed candidate’",REAL
is the gop's stop trump campaign too late?,REAL
what we missed about rubio,REAL
rubio’s parting shot at trump,REAL
"trump, clinton pound the competition in super tuesday wins",REAL
super tuesday's over. can trump still be stopped? yes. here's how,REAL
sanders has gotten nastier. does it help explain his staying power?,REAL
"on the ides of march, trump and clinton see fates pointing to nomination",REAL
"new math: where trump, clinton stand after primary victories",REAL
"opinion: face it, trump on course for nomination",REAL
trump's dominance -- and the late effort to stop it,REAL
why both the democratic and republican races are probably going to june,REAL
inside marco’s hollow campaign,REAL
the presidential election delegate simulator,REAL
what an ohio diner can teach washington about politics,REAL
the best explanation for hillary clinton's bizarre comments about the reagans and hiv/aids,REAL
trump has lit a fire. can it be contained?,REAL
kasich: trump has created ‘toxic environment’,REAL
"on eve of florida primary, rubio airs regrets -- and alarm",REAL
bernie sanders has strength among white men pinched by the economy,REAL
why team clinton's not sweating trump,REAL
"what divides america? this weekend, it was a chicago street.",REAL
marco rubio scores at gop debate with condemnation of obama's cuba policy,REAL
"ben carson backs trump, saying combative billionaire has ‘cerebral’ side",REAL
gop candidates set aside insults,REAL
"clinton, sanders accuse trump of inciting violence",REAL
clinton condemns trump over chicago violence,REAL
gop candidates clean up their act in last debate before primaries in crucial states,REAL
trump calls for protesters to be arrested,REAL
trump: i'm not responsible for violence at rallies,REAL
rubio wins d.c. gop convention,REAL
"in debate, hillary clinton's known negatives vie with bernie sanders' unknown ones",REAL
democrats clash over immigration at florida debate,REAL
"trump, sanders trade blame over chicago protests",REAL
gop presidential contenders stay classy with major shift in debate tone and pitch,REAL
"trump rivals scramble to sideline each other ahead of debate, super tuesday",REAL
romney's timely trump trolling,REAL
"sanders wins surprise, narrow victory in michigan",REAL
5 takeaways from the republican debate,REAL
top takeaways from the miami republican debate,REAL
any sign of success for the anti-trump effort and 4 other things to watch for in tuesday's primaries,REAL
poll: trump leads gop race nationally but with weaker hold on the party,REAL
the 8th democratic debate in 100 words (and 4 videos),REAL
gop debate: clinton may regret immigration pledge (opinion),REAL
democratic debate: 5 takeaways - politics.com,REAL
"some supporters of rubio say bad strategy, poorly run campaign killing his chances",REAL
another primary night's results confound (at least some) expectations,REAL
what went wrong for hillary clinton?,REAL
trump is closer to what most republicans believe than the ‘establishment’ candidates are,REAL
"pressure is on trump, sanders in crucial contests tuesday",REAL
why michael bloomberg decided not to run for president (+video),REAL
primary election: what to watch on super tuesday 2,REAL
the south carolina expectations game,REAL
saturday's election results show donald trump can still be stopped,REAL
why house democrats think donald trump can deliver them big gains,REAL
trump throws the gop into an identity crisis,REAL
sparks fly between clinton and sanders at flint debate,REAL
bernie's top strategist: 'maybe they’re going to put him on the ticket',REAL
the power of trump’s call to free america from political correctness (+video),REAL
democratic debate: 5 takeaways,REAL
"cruz camp responds to rubio photoshop flap, brushes off criticism",REAL
one clear loser in thursday’s debate: the grand old party,REAL
rivals pile on trump in republican candidates’ debate,REAL
"as cruz crushes caucuses, gop establishment needs a drink and a hug",REAL
"cruz dares trump to sue him over abortion ad, vows to run it 'more frequently'",REAL
bernie has already won the future of the democratic party,REAL
"mitt romney blasts donald trump as a 'phony,' says gop front-runner's promises are 'worthless'",REAL
viewer's guide to saturday's scattered voting,REAL
factchecking the 11th gop debate,REAL
missing on gop debate stage: a future president (opinion),REAL
hillary clinton plays literal attack dog in effort to shore up nevada,REAL
mitt romney slams ‘phony’ trump: he’s playing ‘the american public for suckers’,REAL
"the daily 202: ted cruz might be the last, best hope for conservatives to stop donald trump after super tuesday",REAL
"mitt romney calls donald trump 'a phony, a fraud'; trump hits back",REAL
"clinton, sanders clash over obama, more at testy debate",REAL
does bernie sanders really want to win? three democratic debate takeaways,REAL
clinton wins by easing democratic split; trump wins by exploiting gop divisions,REAL
clinton’s super tuesday wins prove likability has nothing to do with electability,REAL
2016 election: super tuesday –,REAL
5 things to watch for on super tuesday,REAL
"mitt romney: donald trump is a 'phony, a fraud'",REAL
super tuesday brings harsh light and heartaches on the morning after,REAL
super tuesday: trump victory highlights gop's identity crisis (+video),REAL
donald trump sweeps super tuesday: gop at a crossroads,REAL
"trump, clinton head into sc with fierce competition on their heels",REAL
"christie, fiorina suspend 2016 campaigns",REAL
trump and sanders riding high: yet another major media misfire,REAL
what a donald trump presidency might actually look like,REAL
"on super tuesday eve, donald trump gets his best poll numbers yet",REAL
super tuesday: what gop’s record turnouts say about unique 2016 race,REAL
"trump, sanders crush the competition in new hampshire primaries",REAL
bernie sanders lost poor voters in south carolina by a big margin — a problem for his political revolution,REAL
donald trump may be showing us the future of right-wing politics,REAL
donald trump declines to disavow david duke and the kkk,REAL
"poll: hillary clinton, bernie sanders both top trump",REAL
ted cruz’s judgment day,REAL
plouffe to clinton: stop micromanaging,REAL
what's marco rubio's strategy against donald trump?,REAL
"trump, sanders win new hampshire -- and 2016 battle moves south, west",REAL
hillary clinton scores massive victory in south carolina,REAL
donald trump finally got called out for having no real plans,REAL
"rubio and cruz release tax returns, piling pressure on donald trump",REAL
ted cruz: donald trump can't beat hillary clinton,REAL
stossel: why marco rubio and hillary clinton are 2016's likely nominees,REAL
"sanders, republican governors eye comeback in new hampshire primary",REAL
what marco rubio needs to do now to win,REAL
cnn basically ignored ben carson at thursday’s debate. and that’s just fine.,REAL
why marco rubio’s and ted cruz’s best debate yet might not matter,REAL
"welcome to trump county, u.s.a.",REAL
"donald trump stumbles on david duke, kkk",REAL
will high tide of primary voter turnout float republicans in november?,REAL
mike huckabee's daughter: negative tone in gop race helps clinton,REAL
christie hated trump 19 days ago,REAL
"rubio defends repeated obama criticism in debate, vows to 'keep saying it'",REAL
"after strong debate, christie, bush resume attack on rubio",REAL
clinton regrets 1996 remark on ‘super-predators’ after encounter with activist,REAL
the broad support behind trump’s nevada win should terrify the republican establishment,REAL
bully backs blowhard for president: now christie likes trump,REAL
haley: i'll support trump if it comes to that,REAL
hispanic voters are soured on donald trump — poll,REAL
the edge: iowa loss turns down trump's volume in n.h.,REAL
clinton vs. sanders: hillary shows weakness but bernie is no barack obama,REAL
1 in 5 americans say hillary clinton is “dishonest” or a “liar.” here’s why that’s a big problem.,REAL
nearly 20 percent of trump’s supporters disapprove of lincoln freeing the slaves,REAL
"rubio's primary playbook, revealed",REAL
republican debate: 's reality check team inspects the claims,REAL
rubio goes from robot to terminator against donald trump,REAL
south carolina black voters not feelin’ the bern,REAL
republican debate: 5 things to watch,REAL
"sparks fly at clinton, sanders debate over who is more progressive",REAL
donald trump rejects mitt romney's ironic tax attack,REAL
analysis: donald trump does the 'impossible.' again,REAL
rnc chairman: 'we're going to embrace whoever the nominee is',REAL
"why pundits, politicians and the press hate ted cruz",REAL
kentucky sen. rand paul suspends presidential campaign,REAL
fall of the house of bush: how last name and donald trump doomed jeb,REAL
mitt romney could soon endorse marco rubio. will jeb join him?,REAL
why bernie sanders's campaign makes me worry about how he’ll manage the white house,REAL
"why nevada was a bad sign for bernie sanders's ""political revolution""",REAL
trump’s remorseless delegate math means rubio and cruz are screwed,REAL
why aren't people declaring the gop race over — and trump the winner?,REAL
trump finally went too far for republicans,REAL
"hillary clinton pitches team effort to solve country’s troubles, shows softer side",REAL
kentucky sen. rand paul quits 2016 gop presidential race,REAL
"cruz, trump and rubio win in iowa. and now we know who the losers are, too...",REAL
trump fever has broken. cruz out-organized him. here's what's next,REAL
hillary clinton wins nevada but loses her narrative,REAL
the man who will not bow to fearmongering,REAL
can anyone beat trump in the primary? history says no,REAL
nevada poll raises questions over latino vote,REAL
trump: i'm not sure rubio is eligible for presidency,REAL
why i'm more worried about marco rubio than donald trump,REAL
trump smirks as beltway gop crumbles,REAL
clinton braces for nevada nail-biter,REAL
"democrats, republicans in tight races as iowans prepare to caucus",REAL
turnout is name of the game in iowa caucuses,REAL
the end is nigh for poor jeb bush,REAL
donald trump wasn’t so anti-iraq war after all. quelle surprise.,REAL
why aren’t young latinos ready for hillary? because they’re still wounded by obama.,REAL
"jeb’s sad, quixotic south carolina slog",REAL
survey: clinton maintains massive superdelegate lead,REAL
chicago court to hear 'natural-born' case to knock ted cruz off ballot,REAL
rambunctious debate scrambles iowa race,REAL
clinton’s lead has evaporated in nevada and her supporters are panicking,REAL
inside bernie sanders’s quest to win over nevada’s latinos,REAL
"john kasich: he’s conservative, but at least he’s sane",REAL
the destroyer cometh,REAL
"republicans barnstorm iowa after debate, as underdogs show new life",REAL
republican debate: trump's absence leaves three winners and two losers,REAL
"trump-free debate a good thing for candidates, country",REAL
the real case for the trump presidency,REAL
"so many candidates, so many flaws",REAL
democratic debate in milwaukee spotlights fundamental divide,REAL
draft-dodger trump said sleeping around was my ‘personal vietnam’,REAL
bernie sanders' american dream is in denmark,REAL
rubio surges back to electrify south carolina,REAL
"trump stands by debate boycott decision, announces veterans event",REAL
huckabee appearing at trump event in iowa,REAL
hillary clinton's worst nightmare: hint -- it's not bernie sanders,REAL
"fiery republican race heads to s.c., known for dirty tricks and brawls",REAL
donald trump says he is running campaign of 'great optimism',REAL
full statement on trump declining to participate in /google debate,REAL
trump campaign says donald won’t participate in /google debate,REAL
carly fiorina was briefly a republican primary star. now she’s dropping out of the race.,REAL
"as a long race beckons, tuesday winners trump and sanders face challenges",REAL
"for trump and sanders, new challenges loom after victory in n.h.",REAL
jim gilmore exits gop presidential race,REAL
how cruz rescued carson,REAL
ex-obama intel official: hillary clinton should drop out,REAL
gop 2016: is it time for jeb bush to pack up his attack ads and go home?,REAL
"trump and sanders win: we are witnessing a full scale revolt, america",REAL
clinton gets back in the game after blowout loss to sanders in n.h.,REAL
democrats debate: who loves obama more?,REAL
how hillary clinton lost young (white) women,REAL
debate coach: do voters want the dream or the details?,REAL
"poll: trump gains in iowa, still dominates in new hampshire",REAL
"as washington publically frets over storm, gop worries about impact of trump, cruz on hill majority",REAL
trump and sanders: how the insurgents are blowing up their parties,REAL
"clinton looks to sisterhood, but votes may go to sanders",REAL
john lewis: 'i never saw' sanders at civil rights events,REAL
"bush vows to back gop nominee, questions rubio on abortion",REAL
5 things to watch in tonight's debate,REAL
governor chris christie: inside his failed campaign,REAL
trump and sanders: how the insurgents are blowing up their parties,REAL
cnn called out ted cruz during the republican debate. it won't hurt him.,REAL
what happened to carly fiorina's presidential hopes? (+video),REAL
kasich: voters are ‘starting to pay attention’,REAL
trump goes after bush in south carolina,REAL
ted cruz says only he can beat donald trump,REAL
kasich: bush's campaign is 'freaking out',REAL
sarah palin endorses donald trump's presidential bid,REAL
marco rubio short-circuits during g.o.p. debate,REAL
why ted cruz has the most to lose in new hampshire,REAL
"after months of focus on just 2 states, candidates scramble to appeal to 2 more",REAL
how much trouble is hillary clinton in?,REAL
gop establishment stares into the abyss,REAL
5 takeaways from new hampshire,REAL
panicky hillary starts shouting,REAL
how to watch tonight's republican debate,REAL
why marco rubio is acting like the front-runner even though he’s not,REAL
fact-checking the fifth democratic debate,REAL
"new hampshire primary results: sanders, trump stun u.s.",REAL
new hampshire primary: how the outsiders won -- and the insiders crumbled,REAL
how trump and sanders broadened their bases in new hampshire,REAL
what you need to know about the new hampshire primary,REAL
us election 2016: new hampshire polls close in key primary,REAL
us election: hillary clinton's problem with young women,REAL
young sanders supporters: what if clinton wins the nomination? (+video),REAL
"new hampshire primary results: trump, sanders win",REAL
insiders: sanders and trump will win new hampshire,REAL
fact check: christie denies rubio claim on sotomayor support – who’s right?,REAL
"clinton blasts wall street, but still draws millions in contributions",REAL
4 things the new hampshire primary will tell us,REAL
rubio’s problem: an excess of caution,REAL
why a vote for an establishment candidate could be a vote for trump in n.h.,REAL
how clinton plans to stop sanders' momentum,REAL
gloves off for top tier in gop race after debate,REAL
fight night: why the south carolina showdown could turn bloody,REAL
why hillary clinton's legal woes are grave or even fatal: a tale of two smoking guns,REAL
rand paul suspends presidential campaign,REAL
how tim scott chose to endorse marco rubio for president,REAL
"as rubio stumbles, race for second place tightens in new hampshire (+video)",REAL
bush loyalists concede the end may be in sight,REAL
critics pounce on madeleine albright’s exhortation to women to back clinton,REAL
obama will not endorse candidate in democratic primary race,REAL
how ted cruz outfoxed donald trump in iowa,REAL
marco rubio and bernie sanders were the real winners in iowa,REAL
5 takeaways from the republican debate,REAL
insiders: marco rubio crashed and burned,REAL
#memeoftheweek: bernie or hillary. sexist or nah?,REAL
"trump launches 1st tv ad, as 2016 candidates barnstorm iowa, nh",REAL
how a nail-biter in iowa actually helps hillary clinton,REAL
"last clash before n.h. puts clinton, sanders in a field of friendly fire",REAL
think the iowa polls were bad? wait until new hampshire,REAL
democratic debate: 6 takeaways,REAL
democratic debate: 's reality check team inspects the claims,REAL
"trump, clinton cautiously optimistic ahead of iowa caucuses",REAL
"in democratic debate, clinton the doer battles sanders the dreamer",REAL
everything you need to know about the next democratic debate,REAL
"with all three clintons in iowa, a glimpse at the fire that has eluded hillary clinton’s campaign",REAL
why the iowa caucuses have such a massive impact on the presidential race,REAL
marco rubio is running scared,REAL
"why hillary clinton, not bernie sanders, 'won' town hall",REAL
democratic town hall: 6 takeaways,REAL
"for the record: iowa, why can't we quit you?",REAL
why i still believe donald trump will never be president,REAL
iowa nightmare revisited: was correct winner called on caucus night?,REAL
jonah goldberg: hillary's iowa 'win' is a big loss for democrats,REAL
rand paul drops out of white house race,REAL
rand paul drops out of white house race,REAL
clinton ekes out win in iowa against sanders,REAL
"after political upheaval in iowa, what next? (+video)",REAL
marco rubio ready to claim establishment vote,REAL
who won iowa? revenge of the outsiders,REAL
paris tragedy could shake up 2016 race,REAL
69 percent say ‘president trump’ makes them anxious,REAL
trump spurns a powerful player in gop politics in falling-out with fox,REAL
bush's iowa performance is even worse than expected,REAL
the many faces of iowa’s caucus voters,REAL
the iowa caucuses: 5 things to watch,REAL
donald trump’s statement on the fox news debate has to be seen to be believed,REAL
why america might elect a president it doesn't like,REAL
"iowa caucus results: ted cruz wins, hillary clinton declares victory",REAL
insiders: trump and clinton will carry iowa,REAL
donald trump’s art of the fail,REAL
"as first voting nears, trump seems stronger",REAL
can hillary clinton find her spark?,REAL
trump’s closing iowa message: ‘i get along with people’,REAL
cruz 'thrilled' despite drop in iowa poll,REAL
iowa's secretary of state rips ted cruz over campaign mailer,REAL
how predictive are iowa and new hampshire?,REAL
"the perfect state index: if iowa, n.h. are too white to go first, then who?",REAL
"huffpollster: trump and clinton lead, but iowa polling remains volatile with a week to go",REAL
bernie sanders: bring on billionaire michael bloomberg,REAL
"new york times endorses hillary clinton, john kasich for nominations",REAL
krauthammer: jeb bush had a breakout performance in the fox news debate,REAL
gop insiders: it was a rough night for ted cruz,REAL
"trump-less debate sets a new standard, but with a familiar outcome",REAL
this is a thing donald trump just said. for real. this is real life.,REAL
five takeaways from the gop debate,REAL
republican debate: 5 takeaways,REAL
who won the gop debate?,REAL
donald trump throws a grand old party,REAL
6 questions ahead of the trump-fox split-screen 'squirmish',REAL
clinton foundation on collision course with campaign,REAL
5 things to watch in tonight’s debate,REAL
the monumental fall of the republican party,REAL
why donald trump is beating fox news -- and gop rivals,REAL
trump will skip gop debate as feud with fox news boils over,REAL
ted cruz isn't liked in congress. what could that mean if he's president? (+video),REAL
megyn kelly: does she really scare donald trump?,REAL
marco rubio's ridiculous reason for buying a gun: he might have to fight isis,REAL
5 takeaways from the democratic forum,REAL
why many black voters aren't flocking to bernie sanders,REAL
democratic town hall: will clinton pitch backfire? (opinion),REAL
democratic town hall: 's reality check team vets the claims,REAL
3 winners and 2 losers from sunday night's democratic presidential debate,REAL
"gop establishment deserves trump, cruz",REAL
glenn beck: donald trump shooting remark 'dangerous',REAL
"iowa’s des moines register endorses clinton, rubio",REAL
palin scores moment in trump's spotlight,REAL
john kasich wooing iowans mostly from new hampshire,REAL
"bush: marco rubio, ted cruz are followers, not leaders on syria",REAL
donald trump could 'shoot somebody and not lose voters',REAL
the gop debate described a terrifying world that doesn't actually exist,REAL
how donald trump uses repetition to hammer his point home,REAL
ben carson's former campaign manager advising donald trump,REAL
michael bloomberg seriously considering white house bid,REAL
fact checking the sixth round of gop debates,REAL
marco rubio’s crisis of faith,REAL
is gop establishment learning to like donald trump? (+video),REAL
republican elders ask 'who's worse' for the gop brand: trump or cruz,REAL
the bush blame game begins,REAL
"ted cruz isn't backing off 'god talk,' even in new hampshire",REAL
his rivals are saying the same thing in different ways: marco rubio is weak,REAL
palin: are you ready to make america great again?,REAL
don’t underestimate the power of trump’s rage-fueled rise,REAL
‘he’s cuban. i’m mexican.’: can rubio and cruz connect with latino voters?,REAL
no scenario is too wild for 2016,REAL
super pacs escalate air war ahead of iowa caucuses,REAL
dem insiders: sanders failed to dent clinton,REAL
democratic debate: 's reality check team inspects the claims,REAL
hillary clinton's autism plan shows just how far the autism rights movement has come,REAL
jeb bush got his way on affirmative action in florida. then he got a mess.,REAL
3 questions ahead of tonight's democratic debate,REAL
insiders: clinton dogged by trust deficit and her last name,REAL
donald trump says he has no questions about marco rubio's eligibility to be president,REAL
why trump may be winning the war on ‘political correctness’,REAL
"one year, two races: inside the republican party’s bizarre, tumultuous 2015",REAL
ben carson: from inspiring to polarizing,REAL
ted cruz doesn't talk about the government shutdown,REAL
"iowa, before the storm",REAL
fact check: the sixth republican debate,REAL
chafee withdraws from democratic 2016 race,REAL
cruz raises $20 million in fourth quarter,REAL
nikki haley should have run for president,REAL
rand paul: i won the debate last night,REAL
"heading into iowa, gop candidates clash but fail to derail the trump express",REAL
bush donors await green light to jump ship,REAL
gop debate: 's reality check team inspects claims,REAL
hillary clinton says early lead was 'artificial',REAL
factchecking the sixth republican debate,REAL
jeb bush picks up endorsement from lindsey graham,REAL
gop debate: desperation time is setting in,REAL
5 things to watch in tonight’s gop debate,REAL
why cruz is eligible to be president,REAL
2016's first gop debate: six things to look for in charleston,REAL
trump’s campaign is damaging his brand,REAL
silently protesting muslim woman ejected from trump rally,REAL
hillary clinton’s challenges in the fight against terrorism,REAL
election 2016: what you need to know for the primaries,REAL
carly fiorina: ted cruz says 'whatever' to get elected,REAL
donald trump: hillary clinton has 'caused tremendous death',REAL
donald trump's year of tweeting dangerously,REAL
trump continues his embrace of putin,REAL
cruz and trump battle for the south,REAL
clinton’s 2016 makeover the latest in long line of resets,REAL
is gop ready to unite against trump for his muslim ban?,REAL
the ted cruz-marco rubio smackdown,REAL
could donald trump win the gop nomination?,REAL
the 2016 ballot wars begin,REAL
"here’s hillary clinton’s big 2016 challenge, in one chart",REAL
ben carson vs. ben carson,REAL
now what? where the democratic candidates go from here.,REAL
hillary’s best week yet,REAL
half of u.s. democrats want joe biden in the 2016 race,REAL
"as deadlines pass, biden remains opaque about a 2016 candidacy",REAL
"mulling 2016 run, biden speaks with top labor leader",REAL
a ‘cancer’ on the clinton candidacy,REAL
why marco rubio has a real shot at 2016 republican nomination,REAL
democratic debate 2015: hillary clinton and bernie sanders finally face off,REAL
rand paul's all-too-familiar campaign,REAL
gallup gives up the horse race,REAL
anybody but hillary? the case for biden-warren 2016,REAL
poll: hillary clinton's lead over bernie sanders grows,REAL
family issues weigh heaviest on biden as he considers a 2016 campaign,REAL
rubio downplays his cnn poll bounce,REAL
the gop debate: 5 things to watch,REAL
exodus from puerto rico could upend florida vote in 2016 presidential race,REAL
rick perry drops out of 2016 presidential race,REAL
jill's dilemma,REAL
"mitt romney was right: to win in 2016, here's what republicans must do now",REAL
"walker forms political committee, says he's 'very interested' in 2016 bid",REAL
trump rips into hugh hewitt after terror gaffe,REAL
rick santorum hopes 99-county iowa tour leads to success,REAL
ted cruz says 'democrats will win again' if gop picks moderate candidate in 2016,REAL
here's who's running for president in 2016,REAL
biden faces hurdles as he weighs late 2016 bid,REAL
behind the biden hype,REAL
clinton clearing primary field for potential 2016 run could leave her vulnerable,REAL
clinton clearing primary field for potential 2016 run could leave her vulnerable,REAL
romney’s reboot: can the 2012 loser really fix his problems in 2016?,REAL
"lindsey graham has entered the 2016 presidential race, because why not",REAL
trump sees biden the same as hillary,REAL
meet ted cruz's top fundraiser: his wife,REAL
bush's 2016 remarks kick other potential gop candidates into higher gears,REAL
"jeb bush in 2016: the good, the bad and the ugly",REAL
clinton's best defense -- there's no one else,REAL
"hillary's rally and rationale: more rodham, less clinton",REAL
lindsey graham presidential bid bets on foreign policy,REAL
martin o'malley enters 2016 presidential race,REAL
clinton retools her approach for 2016 run,REAL
pro-obama super pac shifts focus to possible clinton 2016 bid,REAL
"come on, paul ryan must be running in 2016, right? right?",REAL
who will be the swing voters in 2016?,REAL
count on wide-open 2016 debate over u.s.’s role in the world,REAL
clinton's super pac fundraising irks progressives,REAL
hillary clinton to announce 2016 campaign on sunday,REAL
why carly fiorina is on a media blitz,REAL
the populist 1 percenter,REAL
rand paul announces he's running for president,REAL
what ted cruz knows about the battle for 2016,REAL
bernie sanders to announce 2016 intentions on thursday,REAL
hillary's money for nothing,REAL
ted cruz announces he's running for president in 2016,REAL
the gop front-runner? it's not jeb bush,REAL
rubio's secret weapon,REAL
"as campaigns launch, poll finds gop field stays tight",REAL
"mike huckabee on netanyahu, wage stagnation, 2016 and more",REAL
political world's eyes on new hampshire,REAL
what’s in a logo? how 2016 designs stack up,REAL
"the long, hot summer hillary became a politician",REAL
what google’s algorithms will tell voters about the 2016 candidates,REAL
ranking the 2016 republican field,REAL
hillary is new and improved! take as directed.,REAL
hillary clinton to announce white house run on sunday,REAL
joe biden stirs 2016 speculation with iowa trip,REAL
rand paul enters 2016 fray: how big money changes gop calculus (+video),REAL
"jeb bush previews 2016 run, promising ‘adult conversations’ on big issues",REAL
"jeb bush and mitt romney to meet, talk 2016",REAL
election 2016: rand paul poised to launch campaign,REAL
sen. rand paul announces 2016 presidential run,REAL
ted cruz's passion play,REAL
marco rubio makes moves toward a 2016 run: report,REAL
rubio looks to april 13 miami launch,REAL
america’s hinge moment,REAL
early 2016 moves by bush and romney spur action by other gop contenders,REAL
romney moves to reassemble campaign team for ‘almost certain’ 2016 bid,REAL
both parties want to craft populist messages for 2016,REAL
"for jeb bush and mitt romney, a history of ambition fuels a possible 2016 collision",REAL
first take: can a 'wacko bird' take flight in the gop?,REAL
"seeking an edge, cruz kicks off season of 2016 announcements",REAL
who's winning the 2016 race — on facebook and twitter?,REAL
"poll: with 2016 approaching, clinton maintains advantages",REAL
jeb bush severs ties to most firms with eye on 2016,REAL
the perilous base-courting phase of the 2016 primaries begins,REAL
support for hillary clinton slips,REAL
election 2016: clinton email stumble fuels dem critics,REAL
jeb bush did really well with latinos in florida. it probably doesn’t mean much for 2016.,REAL
jeb bush sending signals that he may be getting ready for 2016 presidential run,REAL
all-too-ready for hillary,REAL
going back to the future in 2016?,REAL
gop presidential hopefuls jockey for position in a crowded 2016 field,REAL
george p. bush says father jeb bush is ‘seriously considering’ 2016 run,REAL
can’t quit mitt: friends say romney feels nudge to consider a 2016 presidential run,REAL
president paul? wall street on high alert,REAL
mitt romney fans speculation over another white house run,REAL
jeb on running as a bush: 'interesting challenge',REAL
inside the deliberations of a hillary clinton campaign launch,REAL
"the clintons fight back, signaling a new phase in 2016 preparations",REAL
"bobby jindal, raised hindu, uses story of christian conversion to woo evangelicals for potential 2016 bid",REAL
inside hillary clinton's 2016 plan,REAL
jeb's invisible man strategy,REAL
inside hillary clinton's 2016 plan,REAL
"for 2016, hillary clinton has commanding lead over democrats, gop race wide open",REAL
chris christie is still atop the 2016 gop field for now,REAL
hillary clinton to decide on 2016 run 'sometime next year',REAL
"scott walker rules out cruz, rubio and paul for gop 2016 ticket",REAL
romney’s reboot: can the 2012 loser really fix his problems in 2016?,REAL
the selling of mitt 3.0,REAL
democrats take aim at christie,REAL
"if hillary rodham clinton passes in 2016, which democrats run?",REAL
don’t underestimate rand paul as a 2016 presidential contender,REAL
is it 2016 already?,REAL
why the shutdown is just the beginning of the 2016 primary,REAL
backers: romney more open to 2016,REAL
it begins...,REAL
poll: hillary clinton ahead in 5 potential match-ups - politics.com,REAL
"biden ponders a 2016 bid, but a promotion to the top job seems to be a long shot",REAL
"jindal, paul visit nh and iowa",REAL
2016 cash race: it's on,REAL
scott walker limps toward 2016,REAL
how jeb bush can avoid being the jon huntsman of 2016,REAL
"on midterm trail, hillary clinton tests themes for possible 2016 run",REAL
gov. jindal 'thinking and praying' about 2016 run - politics.com,REAL
2016 poll: clinton's lead shrinks in key state,REAL
jeb 2016: the bush battle within,REAL
"santorum talks 2016, minimum wage increase",REAL
wall st. republicans' dark secret,REAL
jeb bush: i'm 'thinking about' 2016,REAL
who’s ruling out a 2016 bid?,REAL
"parsing biden's words: if hillary runs, he won't - politics.com",REAL
hillary’s no slam dunk in 2016,REAL
hillary clinton's iowa problem - politics.com,REAL
hillary clinton's shadow campaign,REAL
clinton says she'll decide about 2016 next year,REAL
2016 poll: clinton favored for democrats; no clear gop leader - politics.com,REAL
scott walker's stealth 2016 strategy,REAL
why dems might reject clinton in '16,REAL
"clinton leads 2016 poll in iowa, but rand paul is close (+video)",REAL
the 6 most important parts of donald trump's energy policy,REAL
3 face criminal charges over flint water crisis,REAL
time to press the presidential candidates on flint’s water crisis,REAL
dr. manny: water crisis in flint is just the tip of the iceberg,REAL
obama’s arctic trip comes as climate change builds as 2016 issue,REAL
the next president can have a big impact on climate policy — even without congress,REAL
hillary clinton speech to attack donald trump's 'dangerous' foreign policy plans,REAL
who rules the world? america is no longer the obvious answer,REAL
kerry pulls strings in mongolia ahead of taut talks in china,REAL
"obama, muted on human rights, lifts arms embargo on vietnam",REAL
obama ends u.s. arms embargo on vietnam during visit to former enemy,REAL
trump isn't always wrong on foreign policy: column,REAL
us lifts vietnam arms embargo in move to counter china,REAL
the teachable moment of saudi arabia’s economic threat against the united states,REAL
trump's unreal foreign policy: our view,REAL
white house: 9/11 bill did not come up in saudi discussion,REAL
carpet-bomb isis? terrorism calls for longer-term approach,REAL
‘we caved’,REAL
did barack obama and hillary clinton create isis?,REAL
the 2016 gop foreign policy debate is officially on,REAL
asia trip gives biden chance to show off diplomatic cred - politics.com,REAL
glenn reynolds: donald trump is the response to a bullying culture,REAL
trump wants to weaken libel laws amid feuds with reporters,REAL
the week mike pence’s 2016 dreams crumbled,REAL
onpolitics | 's politics blog,REAL
n.j. gov. christie walks a fine line on gay marriage,REAL
hillary clinton tributes fuel 2016 buzz,REAL
state senate approves sweeping new gun control laws for california,REAL
donald trump goes after hillary clinton on guns,REAL
bill clinton and the 1994 crime bill,REAL
clinton to trayvon martin foundation conference: trump's 'dangerous' pro-gun policies 'way out there',REAL
gabrielle giffords: we can no longer wait for a congress in the gun lobby’s grip to act,REAL
the gun lobby’s con game will come to an end,REAL
"research suggests gun background checks work, but they're not everything",REAL
'american sniper' widow: gun control won't protect us,REAL
obama wipes away tears as he calls for new gun measures,REAL
"obama's gun actions absolutely legal, profoundly right",REAL
is obama’s executive action on guns legal? let’s break it down.,REAL
obama plans curbs on guns,REAL
"obama, gun control, and the lesson he's teaching republicans (+video)",REAL
obama on gun control: his emotional evolution,REAL
obama gets away with some whoppers on guns at town hall event,REAL
judge napolitano: why obama's executive action on guns is unconstitutional,REAL
president obama wants to disarm america,REAL
obama's plan to tighten gun laws sets up rematch with powerful gun rights group nra,REAL
open carry comes to texas: why the lone star state will be safer in 2016,REAL
gaming obamacare,REAL
here's why creating single-payer health care in america is so hard,REAL
alaska scrambles to prevent obamacare collapse,REAL
obamacare's 'wellness' gamble,REAL
u.s. resets obamacare deadline for some businesses to 2016,REAL
"millions of uninsured americans exempt from obamacare penalties in 2016, report finds",REAL
white house delays health insurance mandate for medium-size employers until 2016,REAL
paul: christie embraces obamacare,REAL
british firm aims to open immigration detention center near us-mexico border,REAL
initial prognosis poor for obama’s immigration program at supreme court,REAL
what trump will never understand about immigrants,REAL
the people behind supreme court's immigration case,REAL
"sanders, clinton talk immigration, battle for hispanic vote before big california primary",REAL
ice spends millions flying illegal immigrant children across us,REAL
legal decision could resonate most in immigration epicenter of los angeles,REAL
"united states v. texas, the biggest immigration case in a century, explained",REAL
"most california voters think illegal immigration is a problem, but don't see mass deportation as the answer",REAL
immigration prompts role reversal at supreme court,REAL
"for millions of immigrants, future hinges on supreme court",REAL
obama's immigration order overreaches: our view,REAL
supreme court divided on obama's immigration actions,REAL
will republicans return to reagan's view on immigration? (opinion),REAL
"in potential landmark case, supreme court takes up obama's immigration plan",REAL
"cruz copying me on border wall, trump says",REAL
farmers: trump 'terrible for agriculture',REAL
immigration puzzle confounds republican 2016 field,REAL
immigration debacle dogs rubio,REAL
"republicans have little reason to act on immigration — both today, but also before the 2016 primaries",REAL
mitt romney: ‘important’ to get immigration reform done by 2016,REAL
will christie's immigration bill haunt him in 2016? - politics.com,REAL
immigration bill slow to stir foes' passion,REAL
obama pushing to diversify federal judiciary amid gop delays,REAL
"the oregon militia standoff, explained",REAL
donald trump is blatantly racist — and the media is too scared to call him out on it,REAL
los angeles times backs clinton over sanders,REAL
msnbc’s year of standing up straight,REAL
think facebook isn't political? think again | nellie bowles,REAL
even gawker haters should fear the strategy peter thiel is using to destroy gawker,REAL
why it's funny republicans are upset with facebook: column,REAL
"our meeting with mark zuckerberg: conservatives need facebook, and it needs us",REAL
unskewing facebook will take all kinds: column,REAL
"behind facebook's trending news feed, a deeper flaw",REAL
is facebook reinforcing your political bias?,REAL
"how will facebook, google and twitter define the ""hate"" they plan to censor?",REAL
"in the battle against 'sleazy' media, why trump keeps lapping hillary",REAL
providing balanced information is not facebook's goal - nytimes.com,REAL
"facebook news selection is in hands of editors not algorithms, documents show",REAL
of course facebook is biased. its real problem is that it won’t admit it.,REAL
facebook denies censoring conservative news,REAL
drudge goes all in for trump,REAL
katie couric slammed for 'deceptive' documentary about gun rights,REAL
"after election day, democrats, republicans and the media have some serious soul-searching to do",REAL
media critic obama is worried that ‘balkanized’ media is feeding partisanship,REAL
"spare me your hypocritical journalism lecture, mr. president",REAL
"the press, feeling the bern, suddenly weighs whether sanders could derail hillary",REAL
facebook drops news outlet input in 'trending topics' review,REAL
facebook’s faked ‘trending news’ is a warning not to trust silicon valley,REAL
reddit administrators accused of censorship,REAL
former facebook staffers say conservative news is deliberately suppressed,REAL
the media's credibility gap: now the pundits predict trump will lose to hillary,REAL
blaming the media for trump: why that utterly misses a political upheaval,REAL
the media's firewall against donald trump: the voters must be dummies or racists,REAL
"iraqi forces enter fallujah, take on islamic state",REAL
can israelis and palestinians change their minds?,REAL
obama: iran deal makes the world safer,REAL
backstory: behind the terror takedown,REAL
2016ers hail release of u.s. prisoners held by iran as republicans slam obama policy,REAL
istanbul: explosion by isis bomber kills at least 10,REAL
saudi arabia severs ties with iran,REAL
"kerry says iran has completed steps in nuclear deal, 'first day of a safer world'",REAL
"republicans on capitol hill, campaign trail joyful about prisoner release, still upset about iran nuclear deal",REAL
"report: iran releases 4 dual-nationality prisoners, post reporter rezaian reportedly among them",REAL
"the saber rattling between saudis, iran just got more ominous",REAL
"syrian suicide bomber kills at least 10, many foreigners, in istanbul",REAL
"obama to keep 5,500 us troops in afghanistan beyond 2016",REAL
iran talks likely to figure in any hillary clinton 2016 bid,REAL
"airstrikes move to syria, target more than just isis",REAL
what kind of commander in chief would clinton be?,REAL
what 250 more special forces in syria can do,REAL
obama's remarks on 'most peaceful' world ring hollow in dangerous middle east,REAL
"clinton commits benghazi gaffe, saying us 'didn't lose a single person' in libya",REAL
court ruling on nsa spying splits 2016 field,REAL
"nuclear threat: ubiquitous in 1960s, absent from 2016 race",REAL
obama must scale back his nuclear weapons expansion plan - the boston globe,REAL
"the guardian view on obama in hiroshima: facing a nuclear past, not fixing a post-nuclear future | editorial",REAL
hope and hype of hiroshima can’t conceal obama’s dismal record on nuclear disarmament,REAL
barack obama says memory of hiroshima 'must never fade',REAL
is the iran deal unraveling? think again. | institution,REAL
sympathy for victims but no apology as obama makes historic hiroshima visit,REAL
iran is said to have tested a ballistic missile capable of striking israel,REAL
iran disputes report of missile test,REAL
iran carries out new ballistic missile test,REAL
political polarization is getting worse. everywhere.,REAL
"red state, blue state: the polarization of america - the boston globe",REAL
orrin hatch explains friendship with muhammad ali,REAL
the politics of perception: why we always think we're right,REAL
2016: the year conventional political wisdom was turned upside down,REAL
what's the answer to political polarization in the u.s.?,REAL
political polarization? it’s not just in washington - the boston globe,REAL
the weeds: could more corruption fix american politics?,REAL
this is what the future of american politics looks like,REAL
breaking out of this election's partisan prison,REAL
"obama: for all the things republicans blame me for, getting blamed for rise of donald trump is ""novel""",REAL
state parties can reduce polarization and improve the political system | institution,REAL
the democratic primary ruined my friendship!,REAL
"the weeds: our undemocratic primaries, obama's new fiduciary rule, and the challenge of information polarization",REAL
sanders makes democrats look like polarizers: column,REAL
awaiting america's political earthquake | realclearpolitics,REAL
political polarization is getting worse. everywhere.,REAL
an important part of political polarization is just in your head,REAL
american politics has reached peak polarization,REAL
john kasich just smacked down ted cruz's call to police muslims,REAL
a semi-radical plan to elect more moderates to congress,REAL
three reasons political polarization is here to stay,REAL
"group sends $56,000 in trump contributions to anti-bias efforts",REAL
is it possible to fix the polarization of american politics?,REAL
place your bets now. how much does someone’s world view predict their other attitudes?,REAL
a science-backed new year's resolution to help fix american politics,REAL
this year’s gop presidential battle isn’t the first – or even the deepest – party divide,REAL
log in - new york times,REAL
pundits and presidents complain about polarization. but it may be the sign of a healthy democracy.,REAL
the new york times debates the obama presidency: disappointment or disaster?,REAL
a divided country gets a divisive election,REAL
washington's post-shooting ritual: polarization,REAL
the fabricated fight between pope francis and donald trump,REAL
why the onslaught of religious freedom laws?,REAL
african-american pastors decry gov. deal's betrayal on religious liberty,REAL
"in wake of trump nomination, mitt romney memorializes the dead values of the g.o.p.",REAL
romney tears into gop for not criticizing trump,REAL
anti-trump forces seek last-ditch delegate revolt,REAL
"dole says gopers should fall in line behind trump, pushes gingrich for vp",REAL
how the gop went south,REAL
trump courts hill republicans – but does he need them?,REAL
how paul ryan and mitch mcconnell took such different approaches to supporting donald trump,REAL
"no, it’s not new that some working-class and poor whites vote republican",REAL
one chart that shows why the republican party was ready for donald trump,REAL
"trump, rnc announce joint fundraising deal",REAL
"ryan praises trump, says teams are meeting next week",REAL
trump says he's not worried by opposition to him within gop,REAL
donald trump is remarkably dangerous to the republican party. here’s why.,REAL
major corporate sponsors are scaling back support for gop convention,REAL
rnc chair urges against changing convention rules before cleveland,REAL
the gop’s nuclear option to stop donald trump: a third-party candidate,REAL
house gop nears final stage of possible trump nomination -- acceptance; oh ryan ...,REAL
cruz blasts trump as phony conservative in front of cpac crowd,REAL
gop candidates savage one another in last debate before s.c. primary,REAL
3 winners and 2 losers from saturday night's republican debate,REAL
is the republican party on the verge of a historic crackup?,REAL
"fireworks erupt between trump and bush, rubio and cruz at gop debate",REAL
will the empire strike back? hopes and fears in the gop establishment.,REAL
"mired in third, marco rubio prepares for a long, drawn-out republican race",REAL
fact check: the ninth republican debate,REAL
republican debate: 5 things you missed,REAL
why the gop primary could be even crazier than you think,REAL
will the gop mount a third-party challenge to trump?,REAL
republicans brace for long battle against donald trump,REAL
gop 2016 candidates look to seize momentum out of debates,REAL
republicans hope to win among millennials,REAL
republican hopefuls take turns criticizing iran nuclear deal,REAL
the 2016 republican field might be the most diverse ever — for either party,REAL
2016 republican hopefuls take aim at hillary,REAL
"for marco rubio and 2016 republicans, it all comes back to iran",REAL
is iowa turning into a no-win situation for establishment republicans in 2016?,REAL
gop hopefuls’ 2016 theme has a new pitch,REAL
several republican players moving quickly to signal intent to run in 2016,REAL
"in rand paul and marco rubio’s feud over cuba policy, a preview of gop’s 2016 foreign policy debate",REAL
paul ryan on 2016: ‘i’ve decided not to decide’,REAL
latino vote poll: some would consider a republican in 2016,REAL
"as g.o.p. governors gather, prescriptions for 2016",REAL
"hey bernie, i left venezuela's socialism behind for a reason: voices",REAL
"cory booker: senate bill is ""in my lifetime the first reversal of mass incarceration""",REAL
gop senator david perdue jokes about praying for obama’s death,REAL
why six swing-state gop senators are in trouble – and how they can survive,REAL
republicans duck and run from merrick garland,REAL
mccain in toughest senate fight of his life,REAL
why sen. mitch mcconnell won’t budge on the supreme court nomination,REAL
mitch mcconnell's mission to keep the gop majority,REAL
republicans face challenge in holding on to senate majority in 2016,REAL
"mccain says ""most likely"" running for re-election - politics.com",REAL
trump announced his gifts to veterans. here’s what we learned.,REAL
trump ‘wants to abolish va’?,REAL
vfw fires back at obama: politics not 'confused',REAL
clinton emails on trade deal held until after election - video,REAL
state department warns of possible terror attack in south africa,REAL
state department admits to deliberately cutting briefing footage on iran deal,REAL
fact-checking hillary clinton on her email statements (+video),REAL
gop lawmakers want answers on deleted state department briefing video,REAL
state dept. admits official censored sensitive iran nuclear deal video,REAL
state department admits briefing footage on iran deal intentionally deleted,REAL
why hillary clinton is unlikely to be indicted over her private email server,REAL
clinton foundation received subpoena from state department investigators,REAL
hillary clinton broke the rules: our view,REAL
ig report on clinton’s emails,REAL
hillary clinton's shrinking email defense,REAL
clinton still spinning emails,REAL
former state dept. watchdog debunks central clinton email claim,REAL
top clinton aide mills reportedly walks out of fbi interview about emails,REAL
john kerry: isis responsible for genocide,REAL
state department will not release 22 'top secret' clinton emails,REAL
isis genocide: will us back up its tough talk?,REAL
"kerry declares isis committing genocide against christians, others",REAL
"senior clinton aide maintained top secret clearance amid email probe, letters show",REAL
official: top clinton aides also handled ‘top secret’ intel on server,REAL
top house republican demands kerry explain $1.7 billion iran payment,REAL
"official: withheld clinton emails contain 'operational' intel, put lives at risk",REAL
fbi's clinton probe expands to public corruption track,REAL
obama explains the real reason filling justice scalia's supreme court seat is so hard,REAL
gay marriage victory at supreme court triggering backlash,REAL
"trump's supreme court list might reassure conservatives, but leaves off big names",REAL
can obama take over the supreme court?,REAL
supreme court split over teachers' dues delivers win for unions,REAL
"in supreme court case, potentially big shift on religious freedom",REAL
mcconnell: no lame duck confirmation,REAL
gop's message to voters should be this: supreme court fight is about obama's abuse of power,REAL
ending the supreme court stalemate,REAL
merrick garland raises prospect of a centrist supreme court (+video),REAL
mcconnell to obama: dems started the scotus wars,REAL
obama nominates merrick garland to supreme court,REAL
the surprising strategy behind obama’s supreme court pick,REAL
merrick garland’s instinct for the middle could put him in the court’s most influential spot,REAL
president obama nominates merrick garland to the supreme court,REAL
updated: sandoval not interested in potential supreme court nomination,REAL
scalia lies in repose at supreme court,REAL
republicans have a weapon to stop obama recess appointment,REAL
"by seeking to thwart the constitution, republicans are playing with fire",REAL
a hindu justice? why religion matters for the high court,REAL
president obama's supreme court shortlist has leaked. here are the 6 contenders.,REAL
replacing antonin scalia will be a profound test of the american political system,REAL
joe biden in 1992: no nominations to the supreme court in an election year,REAL
"at funeral mass, justice scalia eulogized as a man of faith as well as law",REAL
advertising war over scalia successor begins,REAL
king: fill the supreme court vacancy,REAL
"what scalia's passing means for presidential race, supreme court",REAL
"'in complete repose': scalia died of natural causes, investigators say",REAL
is it time to reconsider lifetime appointments to the supreme court?,REAL
is there any way obama can fill supreme court vacancy?,REAL
worst job in washington: obama's scotus pick,REAL
obama has rare parliamentary window to make recess appointment to succeed scalia,REAL
6 major supreme court cases that would have been different without scalia,REAL
how scalia's death could change supreme court and election 2016,REAL
david axelrod: a surprise request from justice scalia,REAL
washington digs in for supreme court fight,REAL
obama should act with restraint on court: jonathan turley,REAL
get ready for a fight to replace scalia,REAL
time runs out — again — for mcauliffe’s supreme court pick,REAL
scalia-ginsburg friendship bridged opposing ideologies,REAL
justice antonin scalia's death sets up big political battle,REAL
fact-checking bernie sanders’ claim that jim kenney’s soda tax is regressive,REAL
what's in donald trump's tax returns?,REAL
"suicide blast at park leaves more than 50 dead in lahore, pakistan",REAL
how come the us keeps killing isis no. 2s?,REAL
"donald trump, hillary clinton showcase clashing styles at times of crisis",REAL
not just the no-fly list,REAL
obama on future of terror after bin laden raid,REAL
"trump, clinton trade blows on terror and guns in wake of orlando attack",REAL
orlando: the mainstream media serves up a false narrative about terror attack,REAL
"thanks to obama, the terrorist cancer is growing",REAL
search continues for wreckage from egyptair flight as officials probe links to terror,REAL
belgian police mount raids; prosecutors acknowledge missed opportunities,REAL
the scariest thing about brussels is our reaction to it | simon jenkins,REAL
"brussels stories: grief for the lost, hope for the missing",REAL
6 detained in raids in belgium,REAL
brothers id'd as suicide bombers in belgium,REAL
"wife of air force officer among the 2 americans killed in belgium, officials say",REAL
belgian police hunting 2 mystery bombers believed to have survived brussels attacks,REAL
"bomb maker linked to paris attack died in brussels airport bombing, sources tell",REAL
islamic state claims responsibility for the brussels attacks,REAL
footage shows suspects in brussels attack,REAL
purported terrorist recruitment video includes donald trump clip,REAL
"new isis video shows paris attackers committing prior atrocities, threatening uk",REAL
beyond syria and iraq: isis is losing ground around the world,REAL
donald trump featured in new jihadist recruitment video,REAL
2016 election: foreign policy focus after paris attacks,REAL
do gop's benghazi charges harm hillary clinton for 2016?,REAL
"irs rebuked for tea party targeting, ordered to release secret list",REAL
fbi checking if orlando shooter's wife knew attack plan but didn't warn police,REAL
"guns, terror, and lgbt rights: orlando shooting raises stakes for next president",REAL
orlando's deadly mass shooting: what we know monday,REAL
the real terror threat in america is homegrown,REAL
"fbi: orlando suspect u.s. citizen, vowed allegiance to islamic state",REAL
federal prosecutors investigate wife of orlando shooter,REAL
orlando attack just added more fuel to divisive politics,REAL
critics to the white house: call orlando what it is,REAL
"obama, others decry orlando nightclub shooting as it reignites political debate",REAL
"may day protests in seattle, paris, istanbul erupt in violence",REAL
"3 reasons americans die sooner than people in other developed nations: guns, drugs, cars",REAL
"hesston, kansas, mass shooting: what we know",REAL
woman charged with providing guns to kansas shooter,REAL
49 killed in shooting at florida nightclub in possible act of islamic terror,REAL
"michigan police say 6 dead in random shooting spree, suspect arrested",REAL
"obama challenges tech industry to do, be more in sxsw keynote address",REAL
obama pushes controversial trade deal in germany,REAL
obama 'guarantees' he will not interfere with clinton email investigation,REAL
obama will address hillary’s email scandal on first ever ‘fox news sunday’,REAL
obama: drone strikes have become more precise,REAL
gop reps hammer wh aide rhodes at hearing; senators seek firing,REAL
fact checking the 2016 state of the union address,REAL
report: obama administration makes 'no progress' on drone program transparency,REAL
5 key questions about shutting down gitmo,REAL
"bush says senate should reject an obama supreme court nominee, calls david souter disappointing, defends john roberts",REAL
jay carney: obama supports hillary clinton,REAL
obama rebuts gop muslim rhetoric in first u.s. mosque visit,REAL
obama urges nation not to fear future,REAL
factchecking the state of the union,REAL
obama to meet with muslims on 1st visit to us mosque,REAL
obama administration announces halt on new coal leases,REAL
"obama's last state of the union address in three words: disjointed, irrelevant and disappointing",REAL
white house invites syrian refugee to obama’s state of the union address,REAL
state of the union recap: obama sells optimism to nervous nation,REAL
chart: how much gets done from state of the union speeches?,REAL
obama agenda status report: did he meet state of the union goals?,REAL
obama to focus on future in state of the union speech,REAL
obama vetoes gop attempt to repeal obamacare,REAL
"101 hopeful, sad, reflective and revealing things obama’s said about the toughest job in the world",REAL
obama pushing thousands of new regulations in year 8,REAL
"obama touts 2015 successes, sets 2016 goals",REAL
why joe biden can't get no respect,REAL
the week that hillary clinton 2016 speculation moved from trickle to stream,REAL
"another woman for the cabinet, but",REAL
"opinion: hillary clinton, a mistake for 2016 - .com",REAL
"big week in washington stoked talk of clinton, biden running in 2016",REAL
"hillary clinton: repeats 'no' for 2016, can't stand 'whining' about life choices",REAL
"clinton, dems embrace arquette's equal pay comment",REAL
egyptair crash: official dismisses claim that remains suggest blast,REAL
q&a: key questions about egyptair flight ms804,REAL
"egyptair flight 804 signals detected, investigators say",REAL
egyptair flight 804: final moments questioned,REAL
unlikely friends? united states and vietnam,REAL
egyptair flight data show smoke alerts before crash: source,REAL
"human remains suggest explosion brought down egyptair plane, forensics official says",REAL
obama pushes castro on human rights during joint conference,REAL
a top expert on tax havens explains why the panama papers barely scratch the surface,REAL
"raúl castro, obama spar on human rights, guantanamo, views of u.s. and cuba",REAL
an eager cuba welcomes obama’s visit – with a dose of realism,REAL
obama to castro: cuban embargo is going to end,REAL
world overlooks ethiopia drought crisis that is leaving millions hungry,REAL
burkina faso takeover ends; at least 28 people dead,REAL
"us sailors freed by iranians. no us apology issued, says joe biden",REAL
south korean naval vessel fires warning shots near north korean patrol amid high tension,REAL
mexico: sean penn interview helped nab 'el chapo',REAL
germany's merkel backs tighter refugee rules amid sex assault protests,REAL
rand paul asks: what happens when we topple secular dictators?,REAL
poroshenko sworn in as ukraine's president,REAL
charles koch pines for more influence in republican presidential primary,REAL
"how the 2016 candidates are getting their money, in 1 infographic",REAL
new poll finds 9 in 10 native americans aren’t offended by redskins name,REAL
"just the beginning? religious freedom, gay rights battle turns ugly",REAL
republicans finally pass an obamacare repeal. do gop voters care?,REAL
paul ryan had the worst week in washington,REAL
clinton seeks to unify democrats (though sanders won't concede),REAL
bernie sanders' call for ouster of two convention co-chairs rejected,REAL
the democratic party got crushed during the obama presidency. here's why,REAL
six cities submit bids to host 2016 democratic national convention,REAL
"no matter who it is, next president to face economic challenge",REAL
"to grow the economy, grow small businesses: bloomberg & buffett",REAL
how a $15 minimum wage went from ‘extreme’ to enacted,REAL
teacher sickout closes most detroit schools monday,REAL
battle over scalia’s replacement already spilling into senate races,REAL
"democrats propose internet voting in 2016, making republicans also consider the idea",REAL
"sanders plans tuesday meeting with clinton to discuss agenda, calls vp slot ‘very unlikely’",REAL
trump’s ‘pocahontas’ attack leaves fellow republicans squirming (again),REAL
"obama endorses clinton for president, on heels of sanders meeting",REAL
trump picked pence for vp. here’s who he passed up.,REAL
"clinton makes history, declares win in democratic race",REAL
clinton clinches democratic nomination – sanders vows to fight on,REAL
how hillary clinton locked up the democratic nomination in 10 steps,REAL
"clinton wins puerto rico, marches ever closer to clinching the democratic nomination",REAL
"fear of trump sparking a surge in citizenship, voter applications",REAL
spotlight on libertarian convention amid voter unease over trump-clinton race,REAL
"in campaign chaos, donald trump shows his management style",REAL
protests turn violent outside trump new mexico event,REAL
a sharp exchange over election-year polling offers thoughts for the rest of us,REAL
"hillary supporters: we're excited, too, but also practical",REAL
dnc chair on thin ice,REAL
sanders supporters argue that california is confusing voters,REAL
is clinton ready for the wild west campaign of donald trump?,REAL
trump’s impending nomination means it’s time for a third party,REAL
if bill clinton will help hillary fix the economy then what will economic policy be?,REAL
"despite black lives matter, young black americans aren’t voting in higher numbers",REAL
clinton confronted by laid-off coal worker at west virginia campaign stop,REAL
indiana gov. pence backs cruz for president ahead of state primary,REAL
donald trump says he doesn’t need a unified gop. logic and math suggest otherwise.,REAL
trump scoffs at cruz choosing a running mate: 'he can't win',REAL
trump spurs some conservative leaders to step back from the gop,REAL
trump's indiana win raises unsettling questions for gop,REAL
donald trump takes the reins of a divided republican party,REAL
bush hopeful trump won't get the delegates,REAL
anti-trump republicans confront a dilemma: are they ready to help elect clinton?,REAL
why tonight could be the end for #nevertrump,REAL
jane sanders to fbi: get on with clinton email probe,REAL
take a deep breath. the republican contest still has another month to go.,REAL
cruz campaign in overdrive in desperate bid to wrestle indiana from trump,REAL
donald trump doubles down on accusing hillary clinton of playing the 'women's card',REAL
"on to indy: hoosier state could be stand for trump challengers, sanders",REAL
gop elites are now resigned to donald trump as their nominee,REAL
trump critics clash with police at california rally,REAL
"cruz takes all 14 delegates at wyoming gop convention, ny primary next",REAL
why tuesday could determine the nominees in both presidential primaries,REAL
"hey, berniacs: i learned to love hillary and so can you",REAL
"on policies, ted cruz shifts his stance to suit a fractured gop",REAL
some gop elites aren’t quite convinced by trump charm offensive,REAL
donald trump just made it impossible for ted cruz to clinch the gop nomination,REAL
after a terrible week trump sticks with style over substance in wisconsin,REAL
abortion gaffes show trump is the left-wing caricature of a conservative,REAL
"while the gop worries about convention chaos, trump pushes for ‘showbiz’ feel",REAL
gop delegate: trump primary wins 'absolutely irrelevant' at convention,REAL
"in bronx, sanders voters find more common ground with trump than clinton",REAL
bernie sanders says private meeting with pope francis is not an endorsement,REAL
laura bush hints she'd rather see hillary as president,REAL
"protesters try to block access to trump rally in arizona, ahead of big primary in border state",REAL
hillary clinton dismisses talk of contested convention: ‘i expect to be the nominee’,REAL
why trump's foreign policy resonates with americans – to a point,REAL
most non-trump gop voters say they would consider independent candidate,REAL
"after months of restraint, mexico adopts new strategy: standing up to donald trump",REAL
"sanders wins in wisconsin, keeping alive his improbable bid for the nomination",REAL
"donald 2.0: in an interview, trump tones down the trash talk",REAL
the daily 202: cruz’s expected victory in wisconsin would make a contested republican convention likelier,REAL
a close wisconsin primary could spell future trouble for clinton,REAL
all three republican presidential candidates back away from pledge to support eventual nominee,REAL
donald trump can’t stop saying nasty things about women. it could cost him.,REAL
"clinton, trump eye michigan wins as candidates face first big midwest test",REAL
here comes the opposition book: clinton and her allies prepare for trump,REAL
trump blames 'agitators' for violence at rallies,REAL
trump shocks and entertains at debate. but are voters growing tired of the circus act?,REAL
the daily 202: four reasons hillary clinton lost the democratic debate,REAL
the daily 202: will rubio and kasich still be in the race after super tuesday 2?,REAL
"super tuesday ii: clinton sweeps florida, illinois, ohio and north carolina; rubio quits after trump wins florida",REAL
"super tuesday prizes: candidates in fierce fight for texas, other delegate goldmines",REAL
why bernie sanders needs to start winning big states — big,REAL
"after months of playing protesters to his advantage, donald trump is overpowered in chicago",REAL
"'it's getting harder every day,' rubio says of possible trump support",REAL
the daily 202: five reasons bernie sanders lost last night’s democratic debate,REAL
"why donald trump still dominates, no matter what",REAL
"trump wins in hawaii, mississippi and michigan",REAL
democrats clinton and sanders pounce on flint water crisis — and each other,REAL
south carolina primary brings high stakes for marco rubio and jeb bush,REAL
"poll: trump surges over gop field, clinton locked in virtual tie",REAL
7 takeaways from the republican debate,REAL
mitt romney to give big speech on 2016 race. joining #nevertrump? (+video),REAL
"even before super tuesday, clinton is thinking about a likely matchup with trump",REAL
"after trump’s super tuesday romp, gop establishment seeks unity to slow surge",REAL
mexico’s top diplomat calls trump’s policies ‘ignorant and racist’,REAL
"in nevada caucuses, trump gets a third straight win",REAL
"msnbc, dnc reach deal to host democratic debate in new hampshire",REAL
"sanders sharpening message, attacks on clinton after nevada loss",REAL
here’s how michael bloomberg becomes president,REAL
hillary clinton acknowledges voter concern that ‘she’s in it for herself’,REAL
"contests in south carolina, nevada to test the appeal of the outsiders",REAL
traffic jam in the winner's circle: saturday results encourage all but bush,REAL
gop presidential candidates hammer on 'top secret' clinton emails in final days before iowa caucus,REAL
republican town hall: donald trump challenged over 9/11,REAL
democrats scramble for pivotal bloc in the next 2 contests: minority voters,REAL
national review disses donald trump: why the magazine's plan won't work,REAL
debate slip-up seems to halt rubio’s momentum,REAL
a bad night for front-runners and a good night for governors,REAL
marco rubio self-destructs in new hampshire,REAL
democratic candidates exhibit a new ferocity in last debate before n.h. vote,REAL
bernie sanders is no revolutionary,REAL
sanders won't call for release of clinton's bank speech transcripts,REAL
bernie sanders' foreign policy,REAL
how sanders caught fire in iowa and turned the clinton coronation into a real race,REAL
factchecking the msnbc democratic debate - factcheck.org,REAL
cruz deals trump a setback in iowa; clinton narrowly edges out sanders,REAL
donald trump has flip-flopped so much that stephen colbert hosted a trump vs. trump debate,REAL
donald trump's lost month in iowa,REAL
"in trump vacuum, cruz emerges as top target at iowa republican debate",REAL
winners and losers from the 7th republican presidential debate,REAL
clinton ‘not concerned’ about new flap over classified emails,REAL
"palin’s endorsement the latest prize as trump, cruz battle for conservatives",REAL
national review publishes anti-donald trump issue. will that stop him?,REAL
the detente between trump and cruz is definitely over,REAL
bob dole on ted cruz: 'nobody likes him',REAL
gop power rankings: kasich gets a boost,REAL
clinton media campaign follows buzzfeed model,REAL
trump says cruz’s canadian birth could be ‘very precarious’ for gop,REAL
how ted cruz became ted cruz,REAL
report: joe biden moves closer to joining presidential race,REAL
brace yourself: the presidential election is going to be all about anger,REAL
"marco rubio, announcing 2016 campaign, focuses on 'everyman' credentials (+video)",REAL
is hillary running for bill’s third term?,REAL
mitt romney's re-invention as anti-poverty warrior,REAL
battle lines for 2016 emerge as republican hopefuls unveil campaign themes,REAL
ted cruz to announce presidential run,REAL
2016ers could face a bumpy road to wall street cash,REAL
‘super pac’ gets early start on pushing for a 2016 clinton campaign,REAL
jeb bush speech will add to 2016 election intrigue,REAL
how long can hillary clinton wait? - politics.com,REAL
"dem ags mounting big tobacco-style probe of oil companies, industry fights back",REAL
trump plans clinton foreign policy rebuttal,REAL
"mr. obama, you should have stayed home. your trip to saudi arabia, europe signals weakness",REAL
president obama's persistent and puzzling passivity on terrorism,REAL
hollywood heavyweights threaten georgia boycott over religious liberty bill,REAL
clinton accuses trump of pandering to the nra,REAL
gop field rips obama's move toward executive action to tighten gun control laws,REAL
battle over obama immigration actions lands before supreme court,REAL
"dana perino: conservatives, here are 5 reasons why we should accept facebook's olive branch",REAL
how presidents manipulate the media and the public,REAL
did facebook bury conservative news? ex-staffers say yes.,REAL
"cpac organizers slam facebook's content bias probe, question conference coverage",REAL
deadly suicide blast in istanbul tourist area is linked to the islamic state,REAL
"obama calls for end to nuclear weapons, but u.s. disarmament is slowest since 1980",REAL
editorial: presidential stakes are high for nuclear arsenal - the boston globe,REAL
is iran ‘already violating’ the nuclear deal by ‘illegally testing ballistic missiles?’,REAL
obama vowed to be the healer-in-chief. he never made the effort - the boston globe,REAL
the disappearing middle: electorate way less moderate than past primaries,REAL
"what voters want in a president today, and how their views have changed",REAL
"pope francis offers hope to divorced catholics, says no to gay marriage",REAL
can paul ryan and donald trump coexist within the republican party?,REAL
who’s most likely to be the 2016 republican nominee?,REAL
how conservatives are readying their 'grassroots army' for 2016,REAL
"newt gingrich: if hillary clinton runs in 2016, republicans 'incapable of competing'",REAL
"glenn reynolds: when leaders cheat, followers ... follow",REAL
glenn reynolds: don't be a sucker for socialism,REAL
"memorial day provides respite from va controversies, even as new issue brews",REAL
"quality care for vets more important than wait times, says va secretary",REAL
how clinton’s email scandal took root,REAL
state department says it can't find emails from clinton it specialist,REAL
"supreme court: your right to a ""speedy trial"" ends when you're declared guilty",REAL
"regardless of who wins the confirmation battle, the big loser is the supreme court",REAL
"obama nominates merrick garland to supreme court, sets up senate showdown",REAL
likely supreme court nominee judge jane kelly is a true moderate,REAL
democrats plan push to force hearings on supreme court nomination,REAL
"obama looking for justice who will 'interpret' the law, not 'make' it",REAL
conspiracy theories swirl around the death of antonin scalia,REAL
the daily 202: why blocking obama’s pick to replace scalia could cost republicans their senate majority,REAL
the gop's taxing choices on tax reform,REAL
egyptair flight 804 crash increasingly looks like terrorism,REAL
"anti-terrorism crackdowns may have spurred attackers, belgian prosecutor says",REAL
"isis claims credit for terror attacks at brussels airport, metro station",REAL
"orlando gunman who pledged loyalty to isis was ‘homegrown’ extremist radicalized online, obama says",REAL
"orlando probe intensifies as feds eye gunman's wife, possible ties to international terror",REAL
"obama administration urged by police, gop candidates to be more outspoken on cop killings",REAL
fact-checking barack obama's 2016 state of the union address,REAL
"obama downplays isis threat, defends economic record in state of the union",REAL
"don’t start a fire in asia, china warns obama after vietnam arms embargo lifted",REAL
"possibility of fire aboard egyptair flight raised as body parts, debris found in mediterranean",REAL
nearly 200 arrested in third night of anti-trump protests in downtown l.a.,REAL
glenn greenwald: why did trump win? blame the failed policies of the democratic party,REAL
"anti-trump protest in portland, ore., turns destructive, declared a riot",REAL
"behind anti-trump protests, worries that america's promise has dimmed (+video)",REAL
protesters target trump buildings in massive street rallies,REAL
trump wins us election: how world leaders have reacted,REAL
"'professional protesters' riot over trump's election, attacking bystanders and vandalizing cars, property",REAL
"trump protests intensify, as doubts swirl about spontaneity",REAL
how much did polls miss the mark on trump — and why?,REAL
clinton's emotional concession: this is 'painful and will be for a long time',REAL
the ultimate triumph: president trump,REAL
trump rides rural rebellion to stunning victory,REAL
"anti-trump protests: left freaks out with hysterics, temper tantrums after a fair election",REAL
presidential transition of power begins amid nationwide protests,REAL
donald trump's stunning upset,REAL
"facebook is full of fake news stories. on election day, don’t fall for them.",REAL
your election night survival guide: what to expect as polls close,REAL
how hackers eroded americans' trust in democratic process,REAL
7 1/2 things to keep in mind on election day,REAL
mock election canceled: how the 2016 race is playing out in schools,REAL
"trump wins presidency, defeats clinton in historic election upset",REAL
fact-checking the ‘final arguments’ of trump and clinton,REAL
donald trump’s success reveals a frightening weakness in american democracy,REAL
7 things to watch for on election night,REAL
an early result of election 2016: angry voters,REAL
justice department staffers monitor polls on election day,REAL
the 2016 election in 5 easy charts,REAL
exclusive clinton op-ed: i'll look for common ground,REAL
the man behind the trump rally disturbance in reno,REAL
let’s make 2016 the last endless american election,REAL
when white nationalists show up to 'monitor' the polls,REAL
exclusive trump op-ed: we must clean up this corruption,REAL
two reasons trump could actually win (and three reasons why he won’t),REAL
"nevada politics expert: ""trump is dead"" in the state",REAL
how the swing voter went extinct,REAL
the gender gap in this election could be the biggest in at least 60 years,REAL
what it took,REAL
"pain, anger and fear: us voters deprived of a serious presidential election",REAL
one of this election's bright spots: early voting,REAL
"clinton, trump make their closing arguments",REAL
2006 audio emerges of hillary clinton proposing rigging palestine election,REAL
how the confidence deficit is impacting the 2016 election,REAL
clinton campaign blasts james comey over 'jaw-dropping' double standards at fbi,REAL
see which 2016 candidates best align with your views,REAL
how to win the presidency with 23 percent of the popular vote,REAL
white house defends fbi director comey’s integrity,REAL
"post-abc tracking poll: trump 46, clinton 45, as democratic enthusiasm dips",REAL
"post-abc poll finds tight presidential race, with mixed reaction to fbi’s review of clinton’s emails",REAL
will hillary clinton lose the election because of the fbi email investigation?,REAL
will the comey bombshell really shake up the 2016 race?,REAL
clinton camp insists it can't be thrown off course,REAL
poll shows trump made up 13 points in under 2 weeks — now he likes polls again,REAL
bracing for the final stretch,REAL
is huma abedin hillary clinton’s secret weapon or her next big problem?,REAL
conway: man who shouted 'jew-s-a' is 'deplorable',REAL
what are poll watchers and what are they allowed to do?,REAL
'there's no case here.' clinton defiant amid email probe,REAL
clinton doubles trump’s october fundraising and has dominant war chest in race’s final days,REAL
new emails under review in clinton case emerged from weiner probe,REAL
"in 2016 election, a division over what 'corrupt' means",REAL
"fbi shadow: now it's clinton vs. comey, with hypocrisy on both sides",REAL
clinton camp tries to deflect suspicion as fbi reopens email case,REAL
republican women increasingly fear party is alienating female voters,REAL
how mega-donors helped raise $1 billion for hillary clinton,REAL
donald trump's tough path to the white house,REAL
road to 270: 's new election map,REAL
how trump and clinton are framing their closing arguments,REAL
florida once again a focus in 2016 campaign,REAL
trump called it months ago: anthony weiner threatens national security,REAL
boosting black voter turnout is key to clinton campaign's north carolina strategy,REAL
trump camp admits uphill election battle as clinton looks down-ballot,REAL
clinton's connection to fbi official - factcheck.org,REAL
clinton more than doubles her money edge over trump in final days of race,REAL
the quiet tragedy of melania trump,REAL
the tumultuous 2016 campaign is in a sudden limbo,REAL
"conway touts trump's 'drain the swamp' message, admits 'we are behind'",REAL
poll: clinton leads trump by three points,REAL
trump cuts off fundraising events for republican party,REAL
"trump and clinton just roasted each other at a charity dinner, and boy was it awkward",REAL
"trump will go away, but the anger he’s stirred up is just getting started",REAL
mcmullin surge threatens to squeeze trump's already narrow path to victory,REAL
hillary clinton stays undefeated against the alpha males,REAL
page not found - cbn news - christian news 24-7 - cbn.com,REAL
early voting suggests tight race in key states despite clinton camp boast,REAL
"trump, clinton meet again at 'humorous' al smith dinner",REAL
debate fact-check: hillary clinton and donald trump's claims reviewed,REAL
"what 20,000 pages of hacked wikileaks emails teach us about hillary clinton",REAL
what republicans will do if trump loses,REAL
trump and clinton missed their last chance to heal the nation,REAL
too soon: the media cast trump's task as mission impossible,REAL
donald trump’s charge on the election’s integrity reverberates in both campaigns,REAL
"for young black activists, an urgent task: persuading peers to vote",REAL
trump and clinton to square off at final presidential debate,REAL
separating fact from fiction on clinton's fbi statements,REAL
how final trump-clinton debate tests american democracy (+video),REAL
trump refuses to say whether he'll accept election results,REAL
why do people dislike hillary clinton? the story goes far back,REAL
"as trump stumbles, clinton weighs a striking choice: expand the map or stick to the plan",REAL
"trump jeered over clinton slams at charity dinner, as candidates get personal",REAL
clinton may have taken performance-enhancing drugs before debate – trump,REAL
5 reasons (and then some) not to worry about a 'rigged' election,REAL
why trump's talk of a rigged vote is so dangerous,REAL
"trump won’t commit to accepting election results, at fiery final debate with clinton",REAL
-abc news poll: clinton holds four-point lead in aftermath of trump tape,REAL
clinton senses big victory after trump's week of self-inflicted defeat,REAL
taking trump voters’ concerns seriously means listening to what they’re actually saying,REAL
there’s nothing suspicious about trump’s accusers coming forward weeks before the election,REAL
for the record's week in review: trump's list of accusers grows,REAL
clinton expands outreach to male republican voters in wake of trump issues,REAL
donald trump is running out of ways to win,REAL
"fight night in las vegas: high stakes for trump, clinton and chris wallace",REAL
the daily 202: trump really is in danger of losing utah,REAL
log in - new york times,REAL
the daily 202: republicans standing with trump are banking on voters having short memories,REAL
mormons offended by trump could upend two-party tradition,REAL
what wikileaks hack says about clinton: our view,REAL
"in new responses, hillary clinton insists email setup a matter of 'convenience'",REAL
google searches for 'write-in' are off the charts,REAL
new fbi files contain allegations of 'quid pro quo' in clinton's emails,REAL
the daily 202: republican politicians fall back in line behind trump after defecting,REAL
donald trump’s collapse gives gary johnson an opening,REAL
"hannity: wikileaks has proven that ""everything the conspiracy theorists said"" was true",REAL
"trump’s campaign wants to salvage his ground game. but an expert says ""the damage is done.""",REAL
trump rails against 'disloyal' republicans as support collapses,REAL
leaked emails show clinton campaign struggling to address sanders's popularity,REAL
trump marches on amid spiraling disaster of republican party desertion,REAL
donald trump's gop civil war,REAL
"trump slams 'corrupt' media, as more women make sexual assault claims",REAL
the gop tumbles toward anarchy: ‘it’s every person for himself or herself’,REAL
"after a mediocre debate performance, trump still faces an uphill climb",REAL
donald trump threatens to jail hillary clinton in second presidential debate,REAL
rnc chair affirms support for trump while house speaker won't defend him,REAL
do voters care about more trump tapes?,REAL
fact-checking the second clinton-trump presidential debate,REAL
“he and i haven’t spoken”: trump and pence are having a very public couple’s argument,REAL
donald trump’s threat to imprison hillary clinton is a threat to democracy,REAL
round 2 of clinton-trump proves combative — but provides no knockout,REAL
"when the candidates speak, what do american muslims hear?",REAL
who won the town hall debate?,REAL
factchecking the second presidential debate - factcheck.org,REAL
clinton 'does not recall' ordering destruction of emails from personal server in testimony,REAL
john mccain withdraws support of donald trump,REAL
mike pence enabled donald trump. stop saying he’d make a good president.,REAL
"giuliani, suggesting trump may have ‘exaggerated’ in lewd comments, says, ‘talk and action are two different things’",REAL
5 questions that now loom over tonight's debate,REAL
"trump, clinton wage scorched-earth debate",REAL
laura ingraham: the trump betrayal by republican elites won't soon be forgotten,REAL
a premature obituary for the candidacy of donald trump,REAL
even trump boasting about sexual assault isn’t getting republican elites to dump him (so far),REAL
how women lead differently,REAL
can donald trump recover from this?,REAL
what america learned in st. louis: trump has nine lives,REAL
"newt gingrich: trump won the debate. don't believe the ""intellectual yet idiot"" class",REAL
trump triumphs and leaves a sputtering hillary in the rear-view mirror,REAL
why did bill clinton call obamacare 'crazy'?,REAL
"wikileaks, clinton campaign in twitter war over latest leaks",REAL
'trump only goes on hannity': megyn kelly clashes with fox news colleague,REAL
"libertarian vp candidate gives up, will focus on preventing trump presidency",REAL
5 takeaways from the debate that didn’t matter,REAL
'understudies' kaine and pence add value in vp debate (+video),REAL
factchecking the vp debate - factcheck.org,REAL
"clinton widens lead in pennsylvania polls, overtakes trump in north carolina",REAL
mike pence won the debate by throwing donald trump under the bus,REAL
"the gop declares debate victory for mike pence, 90 minutes before it starts",REAL
why the way we pick our vps is terrible,REAL
"nh sen. kelly ayotte ""misspoke"" in referring to trump as role model",REAL
why lebron james’s endorsement could help clinton retake ohio,REAL
trump has a challenge with white women: ‘you just want to smack him’,REAL
how donald trump wins even when he loses,REAL
did hillary insult sanderistas as ‘basement dwellers’? no—just the opposite,REAL
"trump brings up clinton's health, questions if she's 'loyal' to bill",REAL
"trump, pence vow to fight on together after emergence of damaging tape",REAL
eric trump ‘charity’ spent $880k at family-owned golf resorts,REAL
diehard gop mom: no mother could ever vote for trump,REAL
donald trump can’t resist blaming bill clinton when his own sexism comes up,REAL
they gave to trump's gop rivals. now 95% are sitting out the general election,REAL
"from miss universe to monica lewinsky, trump flirts with a risky line of attack",REAL
"trump promises he won't say it, then he does",REAL
's editorial board: trump is 'unfit for the presidency',REAL
10 things trump could (but probably won't) change to win next debate,REAL
the men in trump's boys club,REAL
republicans in denial that the debate exposed donald trump as unfit for office,REAL
these 33 quotes tell you everything you need to know about the first presidential debate,REAL
"day after debate, clinton gloats and trump fumes",REAL
"why so many people voted to ""make america great again""",REAL
donald trump’s history of corruption: a comprehensive review,REAL
"as clinton builds on a strong debate, trump lobs attacks and complaints",REAL
5 takeaways from the first presidential debate,REAL
temperament question dominates clinton-trump debate,REAL
fact check: trump and clinton debate for the first time,REAL
who won the debate?,REAL
"another debate, another biased moderator: quijano dumps on trump, pence",REAL
ap fact check: claims in the vp debate,REAL
fact-checking the first clinton-trump presidential debate,REAL
3 winners and 2 losers from the first presidential debate,REAL
"expanding the debate: jill stein ""debates"" clinton & trump in special - part 1",REAL
hillary clinton clear debate winner among group of undecided voters,REAL
reality check: first clinton v trump presidential debate,REAL
here’s what clinton and trump must do on the debate stage to win the night,REAL
4 things to watch at the first presidential debate,REAL
clinton puts trump on defense at first debate,REAL
'specific info' forces wikileaks to move anticipated announcement to berlin,REAL
lester holt: presidential debate moderator and proven fact-checker,REAL
tics and tricks: here's what trump and clinton's body language reveals,REAL
why the debate expectations game is a farce,REAL
here are the top five things to watch in tonight's debate,REAL
false claims to watch out for in monday’s debate,REAL
what do americans really think of election coverage?,REAL
a complete guide to early and absentee voting,REAL
trump ohio campaign chair resigns after racist comments,REAL
the guardian view on the us presidential debate: hillary needs a slogan to sum up what she stands for | editorial,REAL
what clinton and trump must worry about in the first debate,REAL
the worst election ever,REAL
putting presidential polls in perspective,REAL
how trump is following in sanders's fundraising footsteps (+video),REAL
"as clinton gains momentum, will trump change his strategy?",REAL
obama: would be 'personal insult' to legacy if black voters don't back clinton,REAL
campaign 2016 is divisive: what it says for the future,REAL
frustrated trump advisers pan him for lousy debate prep (anonymously),REAL
"clinton, trump trade taunts after testy debate",REAL
'broad shoulders' and 'a presidential look': the trump campaign uses gender to try to undercut clinton's candidacy,REAL
trump’s hitlerian disregard for the truth,REAL
trump tells the truth about obama’s birth to lie about hillary,REAL
why democrats are anxious,REAL
trump: 'president barack obama was born in the united states',REAL
"why trump wants his health, but not his wealth, scrutinized",REAL
"online votes declare trump debate winner, despite media consensus for clinton",REAL
is this trump’s biggest financial con yet?,REAL
"donald trump trolls the media, turns phony “birther” press conference into hotel infomercial",REAL
n.h. union leader picks johnson over trump. but will it matter?,REAL
first presidential debate of 2016 over but who won?,REAL
3 explanations for why donald trump is suddenly doing better in the polls,REAL
"sorry, america, but trump can actually win",REAL
powell: trump is 'an international pariah',REAL
the no-transparency election,REAL
a suburban tide against trump could sink his election bid,REAL
"poll: trump tops clinton in battlegrounds nevada, n. carolina, ohio",REAL
his campaign’s statement that trump accepts the truth of obama’s birthplace is filled with falsehoods,REAL
trump fanned a conspiracy about obama's birthplace for years. now he pretends clinton started it.,REAL
"trump doctor’s letter: he takes cholesterol drug, is overweight but is in ‘excellent’ health",REAL
clinton's 'deplorables' slip: 2012 campaign hints it's not a game-changer (+video),REAL
trump supporters a ‘basket of deplorables.' is this clinton's '47 percent' moment? (+video),REAL
donald trump questions clinton’s health at rally in ohio: ‘you think this is easy?’,REAL
"hillary clinton’s basket of deplorables, explained",REAL
hillary clinton cancels campaign events following pneumonia diagnosis,REAL
trump's latest campaign weapon: the mirror,REAL
how 9/11 paved the way for trump v. clinton,REAL
colin powell calls trump a 'national disgrace' in hacked emails,REAL
factchecking the nbc forum - factcheck.org,REAL
black millennials: don’t help donald trump,REAL
clinton says she was wrong to call half of trump supporters ‘deplorables’,REAL
hillary clinton’s 'deplorables' comment is not entirely wrong,REAL
"donald trump: i will release 'very, very specific' health report soon",REAL
gary johnson's aleppo gaffe: does foreign policy experience matter?,REAL
"trump, clinton angle for national security advantage",REAL
trump: 'we must replace globalism with americanism',REAL
"trump says obama born in us, ‘period’ – after new ‘birther’ dust-up",REAL
hillary clinton’s health just became a real issue in the presidential campaign,REAL
why the 2016 presidential debates really matter,REAL
how donald trump retooled his charity to spend other people’s money,REAL
fact check: trump and clinton at the 'commander-in-chief' forum,REAL
"donald trump wants you to trust him, blindly",REAL
how hillary clinton could win,REAL
"trump surges in battleground, national polls",REAL
why you should be skeptical of wacky new studies about what sways elections,REAL
"poll: nine weeks out, a near even race",REAL
why early voting could favor democrats in key states,REAL
"by inviting trump, black pastor gives bigot access to his flock",REAL
"powell warned clinton not to make him fall guy over email scandal, leaked messages reveal",REAL
what happens if clinton drops out?,REAL
gary johnson snags newspaper endorsement,REAL
"yes, there is a clinton double standard",REAL
clinton on pneumonia bout: 'i didn't think it was a big deal',REAL
"'basket of deplorables': for once, hillary told the truth about what she really thinks",REAL
hillary clinton: 'unpatriotic' donald trump's praise of putin is 'scary',REAL
trump praises putin at national security forum,REAL
what are undecided voters waiting for?,REAL
trump's minority outreach off to rough start,REAL
schooling the clintons: our view,REAL
presidential debate moderators announced,REAL
"clinton, trump to release medical details after hillary episode at 9/11 ceremony",REAL
the swing state math still looks terrible for donald trump,REAL
what makes america 'exceptional'? clinton and trump trade places (+video),REAL
"amid immigration questions, how will gop hispanics vote?",REAL
what trump brought back from mexico,REAL
why did mexico invite donald trump for a visit? (+video),REAL
kaine’s wife steps up clinton campaign role amid poll problems,REAL
"pence, after trump, denounces clinton calling supporters ‘deplorables,’ says disrespectful",REAL
clinton in the final stretch: winning over anti-trump contingent may be best play,REAL
donald trump is doing worse with latinos than the previous 6 republican presidential candidates,REAL
trump hires head of citizens united to join campaign team,REAL
where donald trump and hillary clinton stand on economic issues,REAL
"despite the last-minute meeting, mexico likely won't forget trump's insults",REAL
trump is a risk we can't take,REAL
bill clinton suggests trump slogan racist – but he used the same one,REAL
seven things i’ve learned by covering the third-party candidates,REAL
"trump campaign bombs in virginia, again",REAL
"a plea to never trump conservatives to think twice, maybe more. | realclearpolitics",REAL
hack attack: are trump or clinton 'choking' in this election?,REAL
log in - new york times,REAL
donald trump's visit to mexico is greeted with hostility,REAL
"donald trump’s high-risk, low-reward trip to mexico is sort of baffling",REAL
"yes, they’ll always come after hillary clinton; all the more reason she mustn’t hand them any clubs",REAL
how much hope for third-party presidential candidates?,REAL
clinton aims to reframe 2016 debate,REAL
"clinton, trump and obama aren't telling american workers the truth. here it is",REAL
"trump brings message of faith, unity to black church",REAL
clinton’s aversion to news conferences isn’t helping her perception problems,REAL
donald trump's real problem is with white people,REAL
trump mulls alternative options for making mexico finance 'the wall',REAL
trump and advisers remain split on how far to move toward the middle,REAL
libertarians hope rallies and ads can nudge them into the presidential debates,REAL
foundation becomes campaign issue,REAL
where is gary johnson?,REAL
how millennial voters see this election,REAL
where's the love for the libertarians?: column,REAL
the lies trump told this week: from immigration to the safety of inner cities,REAL
donald trump: 'i'm not flip-flopping' on immigration,REAL
"trump makes biggest ad buy to date, hammers clinton on economy",REAL
trump’s misleading claim that 58 percent of black youths are unemployed,REAL
trump manager says 'undercover voters' will deliver win in us election,REAL
"jill stein: clinton emails reveal security risks, ‘special deals’ for donors",REAL
trump says he regrets comments that may have caused pain,REAL
trump campaign chairman paul manafort resigns,REAL
"stronger together? yes, mrs. clinton, but what does 'together' really mean?",REAL
trump: inner cities run by democrats are more dangerous than war zones,REAL
log in - new york times,REAL
emails reveal how foundation donors got access to clinton and her close aides at state dept.,REAL
"why did clinton just tap a pro-tpp, pro-kxl, pro-fracking politician to head her transition team?",REAL
axelrod: can ailes tame trump?,REAL
anti-science claims dog green party's jill stein,REAL
"clinton team used special program to scrub server, gowdy says",REAL
"for trump, turning this around won't be easy",REAL
donald trump enters the “hospice phase” of his dying campaign,REAL
"""believe it or not,"" trump says he ""regrets"" some remarks",REAL
why trump’s warning of ‘rigged election’ isn’t credible,REAL
trump campaign shake-up,REAL
did gary johnson just get boxed out of the debates?,REAL
opinion: the flaws of trumpspeak,REAL
paul manafort resigns as chairman of donald trump campaign,REAL
why trumpism will outlast donald trump,REAL
fake clinton medical records - factcheck.org,REAL
"manafort, trump's campaign chairman, denies secret payments from ukraine",REAL
trump doubles down in naming a combative true believer as campaign chief,REAL
open up the debates: green party's jill stein accuses democrats & gop of rigging debate rules,REAL
donald trump and the $12.7 million ukraine connection,REAL
the presidential debates will almost surely decide the election,REAL
"trump: i'll only lose with 'cheating,' asks supporters to watch polling places",REAL
how trump's campaign chief got a strongman elected president of ukraine,REAL
humanizing hillary: why it's such a challenge for her,REAL
how rich candidates try to appeal to working voters,REAL
democrats see chance to reshape map as trump stumbles,REAL
third-party presidential candidates fight for 15% in polls – and a spot in debates,REAL
"as trump stumbles, supporters worry that an ‘amateur politician’ is blowing it",REAL
clinton's emails and the washington insider game,REAL
clinton's health continues to spur controversy and conspiracy,REAL
donald trump’s poll numbers are collapsing,REAL
"even under oath, trump struggled with the truth",REAL
donald trump gets upset when people take his words seriously. good quality for a president.,REAL
chris shays: why i'm voting for clinton,REAL
trump economic speech: first step to unifying gop (+video),REAL
paul manafort resigns from trump campaign,REAL
"jill stein wins green party nomination, courting disaffected sanders supporters",REAL
'i am who i am.' trump vows no pivot amid campaign shake-up,REAL
clinton’s republican outreach a step too far for already suspicious liberals,REAL
trump tries to reset with economic speech — but faces new resistance in gop,REAL
gary johnson picks up his first congressional backer,REAL
trump on clinton: 'she took a short-circuit in the brain',REAL
some bernie sanders supporters finding a new home within the green party,REAL
"trump shakes up campaign, prepares to roll out long-awaited ads",REAL
clinton campaign enlists undocumented 'dreamers' for voter registration drive,REAL
"78 republican politicians, donors and officials who are supporting hillary clinton",REAL
tim kaine defends clinton and says she's learned from email 'mistake',REAL
donald trump relents over paul ryan re-election,REAL
donald trump calls b.s. on his own lie,REAL
clinton's 'exceptional' lead over trump: one for the history books?,REAL
trump backs off false iran video claim,REAL
libertarian candidates pitch themselves as antidote to partisanship,REAL
donald trump might be in real trouble this time,REAL
dems worried another hacked email trove could surface before november,REAL
"trump, in series of scathing personal attacks, questions clinton’s mental health",REAL
"trump's economic team has a lot of billionaires, very few economic experts",REAL
"how trump, limbaugh, and other blowhard goliaths meet their david",REAL
"paul ryan 1, donald trump 0",REAL
clinton broadens campaign effort to target wary republicans,REAL
gop's long-simmering civil war breaks into the open,REAL
trump reboot? business mogul vows to 'jumpstart' us economy,REAL
'the only other option': bernie sanders backers turn to green party's jill stein,REAL
gop reaches ‘new level of panic’ over trump’s candidacy,REAL
trump campaign woes intensify amid questions over melania's visa – as it happened,REAL
"republican leaders should withdraw endorsement of trump, obama says",REAL
"donald trump, a fallen soldier, and the myth of game-changing moments",REAL
obama says trump 'unfit' for presidency,REAL
mr. trump: the media is no longer your friend,REAL
libertarian ticket eyes post-convention opening – and debate stage,REAL
donald trump pushes republican party to its breaking point,REAL
mccain slams trump for attacking khan family,REAL
gop criticism mounts as trump continues attacks on khan family,REAL
why koch and republican donor network won’t back trump (+video),REAL
did trump go too far?,REAL
clinton renews vow to 'fast track' immigration; trump camp accuses candidate of acting like a 'king',REAL
obama: trump is ‘unfit to serve as president’,REAL
poll: clinton support spikes following democratic convention,REAL
mark cuban comes off the bench for hillary,REAL
trump vs. clinton is the 1980s vs. the 1990s,REAL
"fact check: hillary clinton's speech to the democratic convention, annotated",REAL
rural america confronts a new class divide,REAL
voting rights rulings could deal blow to republicans in 2016 elections,REAL
'repugnant': families of war dead demand apology from trump,REAL
courts crush voter suppression just in time for election day,REAL
"clinton and the dnc: a crisis not merely survived, but transcended",REAL
"poll: voters trust trump on economy, clinton on nukes",REAL
"media trumpeting trump implosion, but is it real?",REAL
clinton goes after republican vote in rare fox news interview,REAL
donald trump criticizes fire marshal for not allowing more people inside colorado springs rally venue,REAL
"to nominate clinton, it takes a village",REAL
dem convention speeches day 4: 's reality check team vets the claims,REAL
factchecking clinton's big speech - factcheck.org,REAL
how hillary clinton defined her moment,REAL
"convention speeches soar, raise a question: can clinton connect with ordinary people?",REAL
an open letter to mr. khizr khan,REAL
clinton enjoys post-dnc bounce - but will it last?,REAL
this election isn’t just democrat vs. republican. it’s normal vs. abnormal.,REAL
role reversal: the dems become the security party,REAL
'america is already strong': obama continues democrats' optimism,REAL
historic firsts fill evening at democratic national convention,REAL
clinton fact-checked on 'truthful' claim in email scandal,REAL
trump feud with military family draws ire of fellow republicans,REAL
clinton takes the fight to trump,REAL
hillary clinton accepts nomination with 'boundless confidence in america's promise',REAL
will bill clinton's best effort be enough?,REAL
life among the berned,REAL
michelle obama's full dnc speech: best of the night?,REAL
did bernie sanders seal deal for clinton?,REAL
"clinton acknowledges hard work ahead, frustrated by america’s ‘caricature’ of her",REAL
clinton campaign scrambles to defend rust belt against trump,REAL
trump gets a convention bump. here's what that means.,REAL
can sanders rally supporters around clinton after dnc email leak?,REAL
sources: us officials warned dnc of hack months before the party acted,REAL
haywire over hacking: media refuse to believe trump's russia comments were sarcastic,REAL
moment of silence for fallen cops marred by jeering at dnc convention,REAL
'america is already great': obama urges us to back clinton in dnc speech,REAL
hillary clinton accepts democratic presidential nomination,REAL
dems open convention without wasserman schultz,REAL
sanders delegates' convention agenda,REAL
"hillary clinton promises steady leadership, more jobs in historic speech",REAL
"obama passes baton to clinton, stirs up '3rd term' charges",REAL
bill clinton makes powerful case for hillary in personal speech at the dnc,REAL
a historic night for hillary clinton and the democratic party,REAL
democratic convention: passionate end to day one steadies early drama,REAL
trump: i wouldn't accept cruz's endorsement,REAL
hillary clinton keeps it safe with tim kaine as vp pick,REAL
"a tale of 2 americas: platforms show world of difference between dems, gop",REAL
sanders seeks unity at democratic national convention after chair resigns,REAL
donald trump’s rnc 2016 speech packed with lies and shady stats,REAL
"fact check: donald trump's republican convention speech, annotated",REAL
why debbie wasserman schultz failed,REAL
clinton’s challenge will be to balance a hopeful tone with an argument for change,REAL
hillary clinton poised to reveal vp pick,REAL
"melania trump plagiarized michelle obama, a woman republicans said hated america",REAL
#trumpnation: supporters see themselves in republican nominee,REAL
"clinton, democrats try not to get drowned out during gop convention",REAL
"trump’s convention is already nervous with guns, protesters, and cop-killings in the air",REAL
no brotherly love in philly: email scandal threatens to mar dnc,REAL
"wasserman schultz to step down as dnc chairwoman, amid email fallout",REAL
what i learned from speaking to an r.n.c. attendee from every state,REAL
"in first day as nominee, trump revives unsubstantiated accusation against cruz’s father",REAL
donald trump is a unique threat to american democracy,REAL
the awkward arranged marriage of trump and pence,REAL
the daily 202: why trump sounded more like a strongman than a movement conservative,REAL
donald trump doesn’t want to make america great. he wants to make it afraid.,REAL
mike pence doesn't share donald trump's worldview,REAL
"trump claims gop nomination, tells struggling americans 'i am your voice'",REAL
"trump claims gop nomination, tells struggling americans 'i am your voice'",REAL
the sad truth about melania trump’s plagiarism snafu,REAL
"cruz doesn’t endorse trump in convention speech, prompting boos and drama",REAL
donald trump has no idea how to make america safe again,REAL
who will protest in cleveland during the republican convention?,REAL
5 things to know about mike pence before tuesday's debate,REAL
why presidential candidates' faith matters less and less to voters,REAL
will cruz come around? all eyes on senator's prime-time convention address,REAL
picking mike pence really was a grand slam for donald trump,REAL
"trump on pence’s vote for the iraq war: ""he’s entitled to make a mistake"" on clinton: ""she’s not""",REAL
"republican convention speakers: ivanka, newt",REAL
"with voters wary of trump and clinton, where are the third party votes?",REAL
trump's vp search enters frenzied phase,REAL
the melania and michelle flap: how the trump campaign is fueling the flames,REAL
the cleveland show: convention starts under security cloud,REAL
clinton holds narrow lead over trump on eve of conventions,REAL
meet hillary clinton's potential vice presidents in 100 words,REAL
why gingrich could be the ideal running mate for trump,REAL
"hillary clinton will win, but she doesn’t deserve to",REAL
hillary clinton resists characterization of email handling as careless,REAL
"karl rove: trump, clinton must now confront violence, grief gripping america",REAL
both clinton and trump would bring a war-time posture to the white house,REAL
who can heal america?,REAL
hillary clinton gets away with email debacle. good! now will she learn?,REAL
is hillary clinton too big to indict? (+video),REAL
speakers list: trump's convention has pols and celebs,REAL
ruth bader ginsburg regrets 'ill-advised' remarks about donald trump,REAL
why president obama campaigning for clinton is historic,REAL
how trump overshadowed clinton's bad weekend,REAL
trump expected to name running mate soon: looking for an 'attack dog',REAL
donald trump's run: he was just the man he was waiting for,REAL
was ruth bader ginsburg wrong to weigh in on donald trump?,REAL
obama hits the trail for hillary clinton: will he help or hurt?,REAL
what trump and clinton are looking for in a vp,REAL
how 2016 became the fact-check election,REAL
donald trump in the hunt for a vp: who's got the golden ticket?,REAL
trump calls for charges against clinton after fbi interview in email investigation,REAL
"christie, gingrich being vetted for trump vp",REAL
fbi rebuke leaves a heavy political cloud over clinton,REAL
trump’s anti-trade rhetoric rattles the campaign message of clinton and unions,REAL
trump names three apparent vice-presidential possibilities on twitter,REAL
george will: trump's judge comments prompted exit from gop,REAL
what brexit tells us about donald trump and us politics,REAL
seven christian leaders who are not supporting donald trump,REAL
donald trump taps into manufacturing regions to extract democratic voters,REAL
the lies trump told this week: from us trade policies to his own campaign,REAL
here is the draft of the 2016 democratic platform,REAL
donald trump's super pac backers worry candidate's errors are piling up,REAL
donald trump's problems are much deeper than a campaign manager,REAL
evangelicals sing a new tune on trump: 'meeting may be a tipping point',REAL
evangelical leader: trump campaign broken from the inside,REAL
karl rove: trump's campaign is willing to change. is the candidate?,REAL
trump splits with campaign manager lewandowski,REAL
"defying republican orthodoxy, trump trashes trade deals and advocates tariffs",REAL
lewandowski out as trump campaign manager,REAL
"#memeoftheweek: trump asked 'the gays,' and got answers",REAL
donald trump campaign manager is out,REAL
bernie's swan song begins,REAL
trump suggests 'profiling' of muslims as response to terrorism,REAL
trump considering speaking off site during his own convention,REAL
2016 campaign takes strange twists after orlando,REAL
trump tweets poll showing him losing to clinton,REAL
why the dnc's mysteriously hacked oppo file on trump is a big yawn,REAL
"juan williams: my bets on trump, clinton vice presidential picks",REAL
would trump presidency threaten rule of law?,REAL
"trump entered june with just $1.3 million in the bank, while clinton sat on $42 million war chest",REAL
bernie sanders: the upstart who pointed the way toward a political revolution,REAL
trump refuses to say whether he'll accept election results,REAL
is trump's rise a result of america declaring war on institutions that make democracy possible?,REAL
donald trump is self-destructing over alicia machado,REAL
let’s dispel with this notion that donald trump knows what he’s doing,REAL
more anti-trump action planned after second night of protests across us,REAL
protests continue as donald trump gears up for the white house,REAL
hillary clinton concedes to trump: ‘we owe him an open mind and the chance to lead’,REAL
donald trump wins the presidency in stunning upset over clinton,REAL
state officials prepare for an unusually chaotic election day,REAL
the daily 202: many african americans unenthusiastically ‘settle’ for hillary clinton,REAL
laura bush hints she'd rather see hillary as president,REAL
"on final saturday, clinton brings out the stars, while trump sticks with outsider, change-maker role",REAL
blizzard of charges and countercharges melts away as opinions of trump and clinton are frozen,REAL
"trump accuses clinton of ‘criminal action,’ predicts victory: ‘the silent majority is back’",REAL
the daily 202: how democrats are dominating early voting in nevada,REAL
hillary clinton attacks donald trump for threatening to sue accusers,REAL
"gop braces for trump loss, roiled by refusal to accept election results",REAL
"new o'keefe video: clinton campaign, dnc coordinated with organizations to incite violence at trump events",REAL
donald trump is failing at basically everything right now. this poll proves it.,REAL
how clinton's campaign is dealing with wikileaks email releases,REAL
former ‘apprentice’ contestant accuses trump of groping her during job meeting,REAL
clinton campaign: wikileaks hack gets ‘closer and closer to the trump campaign’,REAL
memo to trump and clinton: use tough love to win the millennials,REAL
it’s not the ‘locker-room’ talk. it’s the ‘lock her up’ talk.,REAL
which states can gary johnson and jill stein spoil?,REAL
"clinton plans new effort to win over white, working-class men",REAL
justice department significantly reducing number of federal observers stationed inside polling places,REAL
pence's debate performance puts pressure on trump | realclearpolitics,REAL
"trump survives media firestorm and rough debate, but ryan undercuts him",REAL
fact-checking the vice-presidential debate between kaine and pence,REAL
"in era of trump, spin cycle gets a makeover",REAL
a sharpened debate: is it ethical to not vote this year for president?,REAL
"with 3:20 a.m. tweet storm saturday, clinton continues to mock trump’s friday ‘meltdown’",REAL
"vp candidates mike pence, tim kaine to take turn in debate spotlight",REAL
"for trump, same attacks on clinton infidelities, but us has changed",REAL
trump foundation lacks the certification required for charities that solicit money,REAL
steve case: why i’m voting for hillary clinton,REAL
"trump says he may hit ‘harder’ in next debate; clinton tells reporters she had a ‘great, great time.’",REAL
penny nance: trump vs. miss universe -- i can’t get to victim when i think of alicia machado,REAL
"for clinton, attacking trump may not be enough",REAL
"clinton, trump at first debate: was it all america expected?",REAL
trump and clinton tied in latest poll,REAL
what history tells us about the health of presidents and candidates,REAL
kentucky governor: electing hillary clinton may eventually lead to violence,REAL
"clinton and trump: how they view isis, putin, and us generals",REAL
who will hillary clinton’s ‘basket of deplorables’ comment actually alienate?,REAL
trump makes labor day pitch to union workers. can he win them over? (+video),REAL
"in every state, pessimism about trump, clinton and the impact of the election",REAL
a new 50-state poll shows exactly why clinton holds the advantage over trump,REAL
how clinton's email controversy is affecting her campaign,REAL
unpacking donald trump’s history with this fall’s debate moderators,REAL
ernst to trump: stop with the name-calling,REAL
trump woos women and minorities by pitting one group against another,REAL
"hillary clinton’s alt-right speech, annotated",REAL
judge orders clinton to provide written answers in email lawsuit,REAL
clinton cries racism tagging trump with kkk; trump says 'she lies',REAL
the daily 202: clinton and trump cave to pressure,REAL
the daily 202: what trump’s latest shakeup says about his flailing campaign,REAL
"if hillary clinton wins, can she claim a ‘mandate’?",REAL
"as senator, clinton promised 200,000 jobs in upstate new york. her efforts fell flat.",REAL
"hillary, don’t debate with an audience",REAL
trump’s unraveling republican party: how we reached this point,REAL
"doug schoen: trump, hillary and the forgotten swing vote -- seniors",REAL
"for trump, a new ‘rigged’ system: the election itself",REAL
clinton doubles down on disputed claim fbi found her email remarks 'truthful',REAL
"in clash between trump and the khans, new signs of a cultural and political divide",REAL
"on three-day bus tour, clinton hopes to woo blue-collar voters away from trump",REAL
"as clinton makes history, some already take it for granted",REAL
"mike pence, putting ambition before belief, assumes his position beside trump",REAL
why michelle obama has a prime spot at the democratic national convention,REAL
"sanders, warren, mrs. obama slam trump and appeal for unity at unruly dem convention",REAL
cleveland preps for partying and protests during republican national convention,REAL
#nevertrump goes down in flames in final attempt to stop the donald,REAL
donald trump positions himself as the voice of ‘the forgotten men and women’,REAL
swing-state stunner: trump has edge in key states,REAL
"republican national convention: speakers, including wife melania, testify to donald trump’s readiness to be president; others savage clinton",REAL
trump has a problem with female voters. pence could make it even worse.,REAL
"republican convention’s ‘non-conventional’ list: model, astronaut and trump clan",REAL
odd battle: presumptive gop nominee trump vs. chamber of commerce,REAL
vp vetting? trump meets with sen. joni ernst,REAL
"amid campaign troubles, trump blasts clinton as 'world-class liar'",REAL
lewandowski firing: power of ivanka?,REAL
"in new poll, support for trump has plunged, giving clinton a double-digit lead",REAL
how to talk your friends and loved ones out of supporting donald trump,REAL
trump vows personal campaign spending will total $100mln by us election day,FAKE
wikileaks: neera tanden describes clinton shenanigans perfectly (with friends like these…),FAKE
no charges after new review of hillary clinton emails – fbi director,FAKE
aig quadruples limits for terrorism insurance to $1 billion,FAKE
trump whistles his dogs,FAKE
russia prevented spain from diplomatical conflict denying its proposal,FAKE
scientists told to ‘remain silent’ on glyphosate cancer findings,FAKE
watch: gingrich accuses megyn kelly of being “fascinated with sex”,FAKE
sean hannity interviewing mike pence about obama’s claims on election fraud. mr. trump has recommended everyone watch this clip.,FAKE
report exposes inner workings of facebook and how clinton loyalists control your newsfeed,FAKE
dear azzy: soros and sluts,FAKE
fact check: trump is right that clinton might cause ww3,FAKE
"episode #159 – sunday wire: ‘tick-tock usa’ with guests dr marcus papadopoulos, basil valentine",FAKE
snl gets real and delivers the most important message of the election year (video),FAKE
"re: gosh darn it: lou dobbs blows the lid off the casserole dish, exposes evan mcmullin’s mormon mafia ties",FAKE
us plan “c” in syria: make “al qaeda central” the new capital,FAKE
hillary screwed by a jew weiner,FAKE
american refugees crash canadian immigration web site,FAKE
wikileaks: obama is a saudi agent,FAKE
hollywood welcomes saudi arabian filmmakers,FAKE
"texas county enacts ""emergency paper ballots"" after ""software glitch"" in voting machines",FAKE
mystery: are hillary clinton’s eye problems becoming more frequent?,FAKE
the establishment’s war on truth,FAKE
eu member states approve canada trade deal,FAKE
"hacked podesta email reveals clinton foundation ""coercing"" saudi billionaire for millions of dollars",FAKE
election’s rape and sexual assault accusations need to be taken seriously,FAKE
joe sobran’s ‘hustler: the clinton legacy’,FAKE
cleveland indians worried team cursed after building franchise on old native american stereotype - the onion - america's finest news source,FAKE
how to talk to your child about the election results - the onion - america's finest news source,FAKE
comment on world heaves sigh of relief after trump’s victory by debbie menon,FAKE
three election models pick trump to win on tuesday,FAKE
donald trump vs. hillary clinton 2016 in their own words,FAKE
"breaking! — new shattering wikileaks info implicates clintons in shocking allegations of rape, satanism, blood drinking, and child sex in hot tubs",FAKE
"donald trump announces an urban revitalization plan for black americans…. as a counter move, hillary clinton announces a free rap concert!",FAKE
facebook wall: reactions to donald trump’s victory in us presidential elections,FAKE
the saudi royal family explained,FAKE
tim kaine stuffs handful of goldfish crackers in ballot scanner - the onion - america's finest news source,FAKE
putin says he can work with new trump government,FAKE
liberals urge nasa to release satellite map of “diwali pollution” in india,FAKE
america’s ruling elite has failed and deserves to be fired,FAKE
donald trump may have broken the law to avoid paying federal income taxes,FAKE
trump targets democratic states in final assault...,FAKE
cnn predicts 2 swing states are now trending toward trump,FAKE
"comment on after sweeping election, first thing trump invites netanyahu to u.s. for meeting by debbie menon",FAKE
things india should do to improve its olympic performance,FAKE
the rich and us,FAKE
"‘most wanted’ drug baron hands himself in, says life on the run ‘got too much’",FAKE
president elect trump – a new era of unpredictability awaits,FAKE
two people connected to flint water investigation found dead,FAKE
lawsuits in 4 states accuse trump & gop of voter intimidation,FAKE
hillary clinton’s “sudden move” of $1.8 billion to qatar central bank stuns financial world,FAKE
"watch: california cops rob every penny from innocent family, including their children",FAKE
ying and yang (the gold and silver set-up),FAKE
how the ancient world invoked the dead to help the living,FAKE
clinton campaign paid beyonce and jay z $62 million for cleveland concert to secure black votes | endingfed news network,FAKE
trump campaign being sued for humiliating skittles candy by comparing it to syrian muslim infiltrators,FAKE
harry potter and the nipple pumps - culture minister to consider ban,FAKE
hillary clinton: my young supporters are “f*cking dumb”,FAKE
will a no-fly zone help the people of aleppo?,FAKE
"trey gowdy makes game changing move, brings hillary down for rigged elections… this is a whole new case",FAKE
trump supporter whose brutal beating by black mob was caught on video asks: “what happened to america?” [video],FAKE
obamacare is great. we just need to punish people for not using it,FAKE
truth will out radio: the laconia incident,FAKE
checkmating obama,FAKE
dem candidate accused of 'revolving door' career tries to avoid literal revolving door at all costs,FAKE
wikileaks: bill clinton boasts of hillary’s ‘working relationship’ with islamic terrorist organization,FAKE
apocalyptic sounds in the skies are back! this time in slovakia.,FAKE
att’y general loretta lynch pleads the 5th when asked questions about obama’s iran ransom payment,FAKE
southern poverty law center targets anti-jihad crusaders (ann corcoran honored!),FAKE
two points about the hillary clinton email fiasco,FAKE
"we came, we saw, he died: how gaddafi was hunted and ruthlessly killed",FAKE
"hence, this is racist",FAKE
“the largest unprosecuted charity fraud ever attempted”.,FAKE
early voting data shows trump winning election,FAKE
fbi reopens hillary email probe: why did it take so long?,FAKE
re: hot take: dakota access pipeline protesters burn tires in fight to preserve the environment,FAKE
wall street and the pentagon,FAKE
"chicago criminals not really into world series, evidently (17 dead, 41 wounded over halloween)",FAKE
theresa may refuses to withdraw support for saudi arabia,FAKE
silver and gresham’s law,FAKE
hillary has a question about michelle obama; can you help her out?,FAKE
the president of the united states of america: donald j. trump,FAKE
re: don’t worry about hillary: buzzfeed confirms she remained totally super awesome while under siege,FAKE
"hillary’s bizarre spanish birthday bash, tells illegal aliens secret message",FAKE
"markets should guide mergers, not politicians and bureaucrats | opinion - conservative",FAKE
how to make your home feel welcoming,FAKE
"wikileaks releases clinton foundation bombshell: “if this story gets out, we are screwed”",FAKE
embodying the monad,FAKE
clinton campaign in full panic after bill’s alleged son makes demand that would humiliate them,FAKE
trump has his twitter privileges revoked. obama's response is priceless.,FAKE
is brexit never gonna happen? 'leaked' audio recording reveals theresa may's 'true' fears about brexit,FAKE
mass casualty drill in s. carolina-is this the first false flag?,FAKE
nato buildup on russian border largest since cold war,FAKE
2006 audio captures hillary clinton proposing to rig palestine election,FAKE
project veritas reveals who was really behind romney’s 47% video,FAKE
new report argues that gmos are not needed to 'feed the world',FAKE
bomsbhell: the clintons’ fixer proves that hillary’s secret affair ended in the murder of her lover,FAKE
america needs to wake up – there is zero hope for our country until we turn from our evil ways,FAKE
4 new polls suggest that republicans are on the cusp of a total election disaster,FAKE
why flu shots are the greatest medical fraud in history,FAKE
bundy ranch occupiers acquitted on all counts after challenging the corrupt bureau of land management,FAKE
netflixs ceo says entertainment pills could be the next big thing,FAKE
comment on hemp vs cotton: the ultimate showdown by hemp: readdressing cannabis – kuebiko.co,FAKE
breaking: hillary’s state department spent $9.2 million hiring the terrorists who attacked americans in benghazi,FAKE
is goat milk better than cow milk? plus a list of health benefits,FAKE
hillary's high crimes & misdemeanors,FAKE
donald trump has won the 2016 presidential election,FAKE
end of the world? italy devastated by series of major earthquakes,FAKE
anti-trump protesters are tools of the oligarchy     : information,FAKE
fungus: the hidden cause of almost every major disease?,FAKE
green party senate candidate margaret flowers crashes two-party debate,FAKE
a mechanic wrote the customer’s bizarrely creative description of the problem word for word,FAKE
see dems accept foreign cash to disrupt trump rallies,FAKE
police turn in badges rather than incite violence against standing rock protestors,FAKE
syrian kurds warn us: turkey can’t be involved in raqqa invasion,FAKE
lawsuits against monsanto’s roundup®,FAKE
msm caught preparing hillary victory results prior to election,FAKE
george w. bush’s ethics lawyer files complaint against fbi director james comey,FAKE
the illuminati – part 6 – child sacrifices to ancient god molech,FAKE
get ready for civil unrest: survey finds that most americans are concerned about election violence,FAKE
syria: heavy fighting as rebels storm aleppo in desperate offensive,FAKE
obama's doj also obstructed clinton foundation investigation,FAKE
backfire alert! wh chief of staff’s obamacare cheerleading gets ’em fired up (not for reasons he hoped) – twitchy.com,FAKE
"jury finds all oregon standoff defendants not guilty of federal conspiracy, gun charges",FAKE
re: will the fbi email investigation shed new light on the lolita express and other clinton sex scandals?,FAKE
obamacare architect says it’s working as designed!,FAKE
michael hudson on meet the renegades,FAKE
"she disappeared without a trace in 1850, then they found this years later",FAKE
comment on plant-based protein vs. protein from meat: which one is better for your body? by arawma - dulciuri raw vegane,FAKE
"election: “today, a kingdom will be toppled.”",FAKE
goldman sachs endorses hillary clinton for president,FAKE
buzz aldrin is a warning of how success can lead to depression,FAKE
how putin derailed the west,FAKE
nbc's baghdad bob: there is no fbi investigation of hillary | frontpage mag,FAKE
gop has a day of reckoning coming,FAKE
lindsey graham wants trump to put ted cruz on the supreme court bench,FAKE
us public lacks confidence in elections,FAKE
comment on hillary clinton is an alcoholic by jonathan brooks,FAKE
ever heard of captagon? the drug of the isis terrorists,FAKE
"wikileaks gives hillary an ultimatum: quit, or we dump something life-destroying – the resistance: the last line of defense",FAKE
video : new powerful trump ad targets hindu and indian americans – truthfeed,FAKE
"putin takes on the nwo, october 2016",FAKE
hillary planning her escape after a trump win with a $1.8 billion money transfer to qatar,FAKE
report: hillary’s friends told to lie about her email scandal,FAKE
obama’s brother malik supports trump and wants obama to pardon julian assange,FAKE
debate: nato's eastward expansion,FAKE
another us massacre in afghanistan,FAKE
moon making closest pass to earth since 1948,FAKE
the clean energy market trumps the war on coal,FAKE
u.s. takes a stab at a no fly zone in two places – syria and standing rock,FAKE
thomas frank explores whether hillary clinton and the democratic party will address inequality,FAKE
"if they could, most democrats would reelect obama over clinton",FAKE
voters repudiate clinton,FAKE
the us threatens irish neutrality,FAKE
will barack obama delay or suspend the election if hillary is forced out by the new fbi email investigation?,FAKE
dr. david duke with mark collett of the uk. collett explains why duke & trump victories would change politics forever!,FAKE
"obama white house legacy at stake, a president trump could nullify all of obama’s executive orders",FAKE
hillary and the ghosts of watergate,FAKE
police arrest 141 in crackdown on north dakota pipeline protesters,FAKE
"ethan hawk weighs in on election, insults millions of americans",FAKE
tens of thousands of people just got fooled by fake ballot without trump’s name on it,FAKE
"college student collects unused hotel soap, saves thousands of cambodians from disease",FAKE
chicago cubs go 24 hours without winning a world series,FAKE
border controls sharpened and barbed wire put on hadrian's wall to stop scot invasion!,FAKE
"gianno caldwell claims hillary only cares about black vote, not black lives",FAKE
russian experts collecting evidence of anti-govt chemical attack in aleppo – defense ministry,FAKE
wikileaks: bill clinton boasts of hillary’s ‘working relationship’ with terrorist organization,FAKE
"fbi finds new evidence, reopens investigation into clinton e-mail",FAKE
the clinton email investigation has shifted the poll numbers significantly in trump’s favor,FAKE
‘i could sue you’: trump’s spokeswoman slanders angela rye on live tv – gets epic smack down (video),FAKE
the coming storm — ‘trump only won because the elites want him there’,FAKE
is the world crisis igniting a mass global awakening?,FAKE
comment on 4 fascinating things quantum physics does in nature by para kazanmak,FAKE
re: 13 year old: “if donald trump had a brick for every lie hillary has told he could build two walls”,FAKE
lol! obama’s latest aca train wreck scapegoat is nothing short of laughable,FAKE
‘we are losing control of the streets’ merkel’s germany descends into lawlessness,FAKE
beware: you could be poisoning yourself by reheating these five foods,FAKE
"life: when this middle school introduced meditation into the school day, many of its students saw incredible benefits and three went insane",FAKE
constitutional law expert: comey did not violate law by announcing email investigation,FAKE
what is racism?,FAKE
who cancer agency under fire for withholding ‘carcinogenic glyphosate’ documents,FAKE
"world war 3, information war, and the end of pax americana: exclusive interview with eduard popov",FAKE
comment on collusion between facebook and hillary’s campaign revealed in clinton emails by mad-aussie,FAKE
‘us undermining daesh fight to get footing in syria’,FAKE
assange just confirmed department of justice told hillary to delete all evidence | conservative daily post,FAKE
"snapchat to raise up to $4 billion in ipo, valuing company as much as $40 billion",FAKE
"if clinton goes down, loretta lynch will go down with her",FAKE
photo: game camera catches glimpse of possible 3-antlered buck,FAKE
democrats are going back into florida with millions of dollars to retire marco rubio,FAKE
exclusive! russia make major ufo disclosure: ets are real!,FAKE
what exactly are poll watchers? here's the cliff notes version (video),FAKE
party corruption: clinton campaign directly tied to disgraced dnc consultant,FAKE
billionaire globalist soros exposed as hidden hand behind trump protests — provoking us ‘color revolution’,FAKE
65 presstitutes who colluded with the clintons to defraud america and steal the election... call for their arrest,FAKE
sorry liberals…you can stop with the petitions…hillary did not win the popular vote,FAKE
daily mail editor triggers article 50,FAKE
everyone to blame for twats like trump ‘except the people who vote for them’,FAKE
comment on elections 2012-16 by beammeupscotty,FAKE
watch this incredible video and decide for yourself: did hillary clinton cheat at the last debate by using an embedded tablet device in her podium?,FAKE
woman is reading her bible on a flight when man calls her “infidel” – the flight attendant’s response is absolutely perfect!,FAKE
"american tourist can’t get over dirty, decaying & dangerous charm of dublin city",FAKE
california cafe wants legal fees paid by muslim women who sued them,FAKE
(video) chris wallace drops bombshell on hillary campaign she can’t be president because… – usa supreme,FAKE
the danger of war from a declining hegemon,FAKE
state officials demand pastor’s sermons in massive breach of his rights,FAKE
scorpio new moon meditation,FAKE
"refugee beats, rapes & impregnates girl, what court awards him is sicker",FAKE
disgraced hedge fund manager focuses on aiding veterans,FAKE
the new world order is melting in the heat of its own contradiction,FAKE
malcolm x on hillary clinton and donald trump,FAKE
"poverty rose in 96% of u.s. house districts, during obama’s presidency",FAKE
russia’s patrol ship yaroslav mudry arrives in cuba on visit,FAKE
progressives find ‘white trash’ more threatening than nuclear war,FAKE
changing the lives of african girls starts with just giving them bikes,FAKE
u.n. declares junk food a 'human rights' issue,FAKE
state department informants tip clinton campaign off to nyt email investigation,FAKE
electronic voting machines caught switching trump votes to hillary: “trying to steal texas”,FAKE
"hey bernie supporters, here are 45 times hillary promoted the tpp – truthfeed",FAKE
the daily traditionalist: jeff schoep and the nsm,FAKE
obama’s foreign policy: a hostage to bipartisan consensus - james carden,FAKE
president-elect donald trump's first televised interview since he won the election     : information,FAKE
"trump wins presidency, duke falls short in absolutely heroic effort",FAKE
“shoot first ask questions later” : what happens to a ufo when tracked on military radar,FAKE
"fbi “insurrection” to scuttle director, rig election: part 2",FAKE
comment on 6 steps to becoming the best leader possible by 6 steps to becoming the best leader possible – motivate3.com,FAKE
north korea threatens ‘sacred’ nuclear war against israel if this country continue supporting isis,FAKE
fbi given go-ahead to begin review of latest batch of emails in clinton case as political feuds roil,FAKE
and now the work begins,FAKE
how to break the cycle of human complacency and servitude,FAKE
"‘real housewives’ of the middle east promoting hillary; this can’t be real, right?",FAKE
dnc head leaked 2nd debate question to hillary,FAKE
comment on donald trump’s ex-wife ivana says he’ll make the changes he promised by christian zionist,FAKE
jesus christ’s ‘burial bed’ discovered in 'chruch of the resurrection',FAKE
trump induces first major policy change on syria  : information,FAKE
most bavarians have negative attitude toward muslims in germany – poll,FAKE
people in cities other than delhi spray fog deo all over to get media attention,FAKE
ukrainian foreign ministry protests against putin's crimea visit,FAKE
supreme court will decide whether boys must pee next to girls,FAKE
"sharpton attacks o’keefe, so o’keefe releases brutal expose on sharpton… boom!",FAKE
how to break the cycle of human complacency and servitude,FAKE
un failed to organize evacuation of civilians from rebel-held aleppo,FAKE
iran’s carpet exports to us at $50mn,FAKE
"syrian war report – november 9, 2016: russian navy is ready to strike terrorists in aleppo",FAKE
wolf richter: what the heck’s going on with foreclosures? why this spike?,FAKE
"go ahead, sue the government",FAKE
fbi gave emails to wikileaks to prevent ‘clinton coup’,FAKE
"hillary clinton, fbi and the real november surprise",FAKE
note to america: dont be so sure youve put trump behind you   : information,FAKE
iraqis in mosul find us missiles at captured islamic state base,FAKE
calexit 2019: powerful california to become new independent country,FAKE
"new report blames air pollution for deaths of 600,000 children every year",FAKE
5k charity walk to stamp out hunger in l.a. totally works!,FAKE
nato vassals eager to poke the bear in black sea,FAKE
"reuters to cut 2,000 jobs…",FAKE
the media got suckered into buying the gop’s bogus clinton fbi email tale,FAKE
links 11/11/16,FAKE
"posthoorn interview no. 4: tom 'brexit prepper', the sad truth",FAKE
who’s to blame for president trump?,FAKE
north dakota’s public bank is funding police repression at standing rock,FAKE
german lawmaker vows to respond to ukraine sanctions with new crimea visits,FAKE
re: trump tells media secret obama story behind 2016 election,FAKE
fbi folds: comey announces no criminal charges against hillary clinton,FAKE
meet 6 military veterans running for congress,FAKE
israel preparing for one-sided un security council resolutions,FAKE
electronic voting machines caught switching trump votes to hillary: “trying to steal texas” | survival,FAKE
fifteen quotes proving false flag terrorism & the existence of a ‘shadow government’,FAKE
with dire situation in america for voters; homeschool enrollment doubles,FAKE
like a ‘concentration camp’ police mark dapl protesters with numbers & lock them in dog kennels,FAKE
re: trump and clinton assemble army of lawyers to contest election results,FAKE
illuminati mind control documentary 2016,FAKE
chinese j-20 stealth fighter debuts in skies of zhuhai,FAKE
bahrainis support senior shia cleric sheikh qassim,FAKE
how the american political system changed and no one noticed,FAKE
"as natives declare treaty rights, police admit defeat — cite lack of ‘manpower’ to remove dapl protesters",FAKE
vladimir the great: russia’s refurbished empire,FAKE
arab prince who gave hillary $50 million begs americans not to vote for trump,FAKE
is western civilization worth saving?,FAKE
7-year-old girl in war-torn aleppo has an astonishingly selfless message for president obama,FAKE
trump destroys ‘rude’ cnn reporter,FAKE
toxic chemicals found in children’s halloween makeup – study,FAKE
"democrats: ""blacks are really f**ked in the head"" caught on tape",FAKE
sex and the presidential city,FAKE
"nbc local news accidentally posts us election results a week early, shows a clinton “win”",FAKE
trump campaign admits they are trying to steal the election with voter suppression,FAKE
how to remove uric acid crystallization in joints,FAKE
sweden on the brink? police force pushed to breaking point by violence amid migrant influx,FAKE
president trump! a nightmare of the ukrainian politicians! (english subs),FAKE
chicago cubs crowned the lords of windy city,FAKE
before the flood (2016),FAKE
pieczenik “rogue fbi agents and wikileaks are spearheading a movement to stop the clintons from stealing the white house” – truthfeed,FAKE
the de facto us/al qaeda alliance,FAKE
new project veritas release: rigging the election - video iv: $20k wire transfer from belize returned | agriculture,FAKE
"‘ufo’ spotted over vienna, frightened onlookers call police",FAKE
vladimir putin – straight from the horse’s mouth,FAKE
"trump accuses obama, hillary clinton of founding daesh",FAKE
islamic state supporting former national guardsman pleads guilty to terrorism charge in virginia,FAKE
hillary clinton responds to new fbi investigation,FAKE
"family hears muslim groom scream, sees ‘item’ in his blood-soaked hand",FAKE
the splc’s libelous new report on 'anti-muslim extremists',FAKE
clinton advisor loses it in leaked email over hillary’s illegal activity,FAKE
the amish in america commit their vote to donald trump; mathematically guaranteeing him a presidential victory - abc news,FAKE
"hillary’s so pissed at fbi, but here’s the 1 person who really screwed her",FAKE
us inches closer to war with russia,FAKE
repent!!! world war 3 (ww3) day of yahawashi is near (yahawashi4theelectofisrael),FAKE
blm to lease ohio’s only national forest to fracking interests,FAKE
"netanyahu calls trump ‘true friend of israel’, likud party pols call for u.s. embassy move to jerusalem",FAKE
watch lab mp claim that “the government is hurtling towards a chaotic breakfast”,FAKE
simon parkes updates: swiss earthquakes and dos attacks,FAKE
‘what’s our best path to 270?’ gary johnson asks campaign aides packing up office - the onion - america's finest news source,FAKE
"police department is being evicted – lafayette, ca",FAKE
duterte calls us admin ‘monkeys’ for halting arms sales,FAKE
fbi reopens clinton email investigation after new messages found,FAKE
failed weapons systems cost pentagon $58 billion over two decades,FAKE
egypt: no gain without pain,FAKE
fugitives from justice: the clinton’s are preparing to run to qatar with $1.8 billion,FAKE
13 herbal teas with highest antioxidants,FAKE
david fry released from jail,FAKE
russia successfully tests its first-ever hypersonic weapon,FAKE
"turkey tumbling—-crackdown sweeps through business and finance, imperiling the economy",FAKE
people on benefits receive award for outstanding contribution to channel 5’s schedule,FAKE
"sprott’s thoughts on gold corrections, patterns, and positioning",FAKE
"to survive, evolve - russia news now",FAKE
former nato chief: we need us as ‘world’s policeman’,FAKE
"prominent psychologist says, ‘google has power to control elections, can shift millions of votes to clinton’",FAKE
the #1 reason why people are voting for trump,FAKE
trump: i’d get ‘electric chair’ for cheating on debates like hillary,FAKE
apocalyptic sounds in the skies are back! this time in slovakia,FAKE
donald trump the hero of the common man,FAKE
i dare you to restrain yourself from laughing at trump and hillary in a stronger hot show,FAKE
"trump supporters didn’t vote because of the economy; it was racism, and here’s proof",FAKE
researcher finds link between bankers & wikileaks affiliates murders,FAKE
from bad to worse: obama’s ransom payment to iran is just the tip of the iceberg,FAKE
breaking: white house abandons tpp & ttip,FAKE
former us state dept official: “us intelligence community has started a counter-coup against the clintons”,FAKE
europa league matchday 4: zenit rules,FAKE
high ranking russian official confirms being in contact with trump’s campaign during election (video),FAKE
idaho mom loses two children for using medical cannabis to stop seizures,FAKE
hillary implodes: trump 'took everything...paid nothing to support us!',FAKE
"wsj report not about black rapists at baylor, but strictly about the white guys who covered up for them",FAKE
re: it is now mathematically impossible to pay off the u.s. national debt,FAKE
what to do in an ammo panic,FAKE
indian princess watches over rare paleontological remains,FAKE
3 competing theories on why the fbi re-opened the hillary email server investigation,FAKE
copy of breaking ww3 news emergency! planet close to world war 3,FAKE
"regardless of how america votes, americans want a different foreign policy",FAKE
biological dentistry - solving disease symptoms holistically,FAKE
"six former soviet republics test air defenses with russia, 130 command centers put on alert",FAKE
putin: trump win is a massive defeat for new world order,FAKE
"nc state provides students with post-election comfort food, therapy",FAKE
news shot: detroit airport uses new system to control travelers,FAKE
us engineers prepare bionic device to generate electricity by walking,FAKE
chinese political dissidents are having their organs cut from their bodies for 'transplant tourists',FAKE
israeli deputy minister: italy quakes retribution for anti jewish vote,FAKE
christian charity forfeits federal food in favor of faith,FAKE
the final line in this story about liam gallagher is making people laugh,FAKE
the chronovisor: a device used to look into the future and past,FAKE
"donald trump’s grandfather ran canadian brothel during gold rush, author says",FAKE
comment on before and after the “holocaust”: jewish population numbers in 1933 and 1948 by jews did world war and open borders – aladdinsmiraclelamp,FAKE
migrants flee to nearby port towns after calais camp shuts down,FAKE
"breaking: day after reopening investigation, fbi drops another nuke on hillary’s campaign • usa newsflash",FAKE
"when obama admin went after banks, it forced them to give big money to some...questionable groups",FAKE
turmeric is more powerful than 14 artificial drugs,FAKE
vortex structured water [video],FAKE
quiz: how haunted is your house?,FAKE
hillary clinton announces she sees dead people,FAKE
a new paradigm for diagnosis and treatment of modern chronic illnesses,FAKE
wealthy father nervously waits for response after sending donations to son’s top college choices - the onion - america's finest news source,FAKE
america thick as pig shit,FAKE
top democratic donor: blacks are “seriously f***ed in the head”,FAKE
“bernie needs to be ground to a pulp.” leaked email to john podesta in february,FAKE
can hillary escape this time?,FAKE
hacked election – the firesign event wildcard special report [video],FAKE
trump warns of ‘vote flipping’ on machines,FAKE
knife review: kellam hawk is traditional puukko design with modern materials | survival,FAKE
a unique discovery! secret egyptian tomb full of treasures,FAKE
"flashback: hillary labeled ‘high priest,’ ‘goddess of occult’ in guccifer letter | redflag news",FAKE
surprise! hillary receives devastating news on her poll lead over trump,FAKE
scientists redefine hurricanes and deny mini ice age will effect earth,FAKE
palestine considers suing israel in international sports court,FAKE
inside the invisible government       :,FAKE
"this is tyranny not democracy, says party with single mp",FAKE
daughter of eric garner slams clinton camp over plans to ‘use’ her father’s death,FAKE
5 shocking facts about you that anyone can find online,FAKE
what the wikileak revelations reveal about donna brazile and the dnc,FAKE
rolling stone loses its libel case,FAKE
jamie oliver wearily wanks out yet another f**king cookbook,FAKE
americans trapped between fear and faith,FAKE
rick rule: broadcast interview – available now,FAKE
alt. news hub – cause the mainstream media sucks! – 11/13/16,FAKE
police clash with pipeline protesters,FAKE
barbara marciniak: bringers of the dawn: teachings of the pleiadians [video],FAKE
syrian rebels launch chemical attack in aleppo,FAKE
little known treasury committee gives us a look at market’s most powerful players,FAKE
illuminati mind control documentary 2016 part 2,FAKE
fukushima cover up,FAKE
trump says fbi just righted the horrible mistake they made in july,FAKE
cnn breaking news: trump tells supporters to vote multiple times,FAKE
harry reid just accused fbi of hiding “explosive info” about trump & putin,FAKE
president obama’s interview with samantha bee will have you rolling on the floor laughing (video),FAKE
"""full spectrum dominance"", a mirage?",FAKE
freddy krueger escapes shooting – injures five at halloween party,FAKE
dashcam: chief caught doing over 100 mph only for fellow cops to stop him and laugh about it,FAKE
suspect in destruction of donald trump’s walk of fame star arrested,FAKE
300 us marines deployed to norway near russian border for first time since world war ii,FAKE
genetically modified crops in u.s. fail to deliver expected yields,FAKE
three new polls shatter the myth that the presidential election is tightening,FAKE
see trump run—and win!,FAKE
old fuck of a neighbour buys nuts for trick or treaters,FAKE
the limitations of randomised controlled trials,FAKE
you are being programmed to hate,FAKE
brics countries to invest $500 million in russian gold deposit - kira egorova,FAKE
soros & his connection to the riots,FAKE
ann coulter on c-span quotes vdare.com’s brimelow–a racist is someone winning an argument with a liberal.,FAKE
"“he is a pig,” says morbidly obese and tattooed “model” while wearing a ‘dump trump’ t-shirt in times square – bare naked islam",FAKE
sentencing for murderer of rare book dealer,FAKE
blog: you shouldn’t have made fun of my exclamation point,FAKE
6 myths that men believe about southeast asia,FAKE
on voter fraud (it’s baked into the system) and those not-so stupid trumpsters,FAKE
"comment on senator nukes clinton foundation, calls it “largest money laundering…operation in the world” by t. mohr",FAKE
“brexit means clusterfuck” confirms prime minister,FAKE
russia suggests joint engineering troops’ drills with india,FAKE
controversial dna search helps nab the 'grim sleeper' serial killer,FAKE
how to build a cute bee hotel to help out their population » the event chronicle,FAKE
nation still struggling to come to terms with terrorist living in ireland,FAKE
"memo to r. douthat, d. brooks: your “conservative intellectuals” are just no good",FAKE
is fbi investigation a ploy to divert attention from wikileaks dumps?,FAKE
front-running the central banks—-how the fast money does it,FAKE
studies: poles are shifting and earth's magnetic field is about to collapse,FAKE
politics as usual is dead,FAKE
re: 55 reasons why california is the worst state in america,FAKE
the ancient spiritual roots of russophobia,FAKE
isis thugs horrified to see bodies of their dead comrades trapped to kurds’ oncoming humvees,FAKE
"isis kidnaps, kills at least 30 civilians in afghanistan",FAKE
more than 1 million ‘check in’ on facebook to support the standing rock sioux,FAKE
sweden help wanted: activities coordinator for bored illegal alien muslim freeloaders and rapists,FAKE
trump’s presidential cabinet picks leak and they are terrifying,FAKE
coming in on a wing – coming in on a wing and a prayer,FAKE
gov. bill weld encourges supporters to stop trump,FAKE
leonard cohen’s music perfect for feeling sad about leonard cohen,FAKE
donald trump & hillary clinton: two figures in a derailed world,FAKE
major democratic donor: african-americans are “seriously f***ed in the head”,FAKE
realities faced by black canadians are a national shame,FAKE
leaked email reveals google chairman wanted to be clinton campaign’s ‘head outside advisor’,FAKE
"china, russia, the silk road, commodities, nixon and a massive bull market in gold & silver",FAKE
"bahrain court jails, revokes nationality of 15 dissidents",FAKE
"no, mexico doesn’t have a wall on its southern border—but if trump wins it might build one",FAKE
tom hanks raps,FAKE
defeating white liberalism in the age of trump,FAKE
who are the “protesters” going after trump hotel in dc? communist lunatics of course!,FAKE
australian site could rival stonehenge as world’s oldest observatory,FAKE
aspartame turns into formaldehyde and methanol in the body: donald rumsfeld got it legalized,FAKE
hillary clinton sells 20% of us uranium to russia wtf ?,FAKE
experts tired of the general public,FAKE
the deep state is split on killery,FAKE
“i’m a hispanic woman and i am voting for donald trump”,FAKE
moscow downplays spain’s refusal to let russian warship refuel in ceuta,FAKE
jim rogers: it’s time to prepare; economic and financial collapse imminent (video),FAKE
guy on pills has 5 hour chat with hand after girl told him “talk to the hand” – wundergroundmusic.com,FAKE
"democrats attack poll watchers, grassroot voter fraud investigation hacked, gerald celente goes off on hillary voters",FAKE
the factless fact-checkers,FAKE
comment on saudi arabia to behead disabled man for taking part in protests by artist,FAKE
"shouts of ‘not my president!’ in california, following trump victory",FAKE
announcement by the saker community about the german saker blog | the vineyard of the saker,FAKE
wikileaks: suggest sanders was a possible plant or threatened by mook,FAKE
"merkel says facebook, google 'distort perception,' demands they 'reveal algorithms'",FAKE
america’s ruling elite has failed and deserves to be fired,FAKE
they’re working: anti-trump protests send trump into humiliating twitter rage spiral,FAKE
"the media chooses our president (hillary), because we're a nation of morons.",FAKE
doj complaint: comey under fire over partisan witch hunt for hillary (tweets/video),FAKE
terrifying toxic chemicals to avoid this halloween,FAKE
is global warming “an inconvenient lie”?,FAKE
nation’s top lawyers have had enough of trump (tweets),FAKE
levers of power: flushing the vote down the memory hole,FAKE
"isis, not russia, is the enemy in syria",FAKE
the anatomy of crisis and the decline of us empire,FAKE
man loves saying things are ‘al dente’,FAKE
"the corruption of bill clinton, inc.",FAKE
"susan sarandon formally endorses jill stein, slams clinton corruption",FAKE
trump whistles his dogs | intrepid report.com,FAKE
us prepares device for troops to generate electricity by walking,FAKE
"comment on after fighting for freedom, 76-yo vet sentenced to die in prison for treating his illness with pot by chris wilson",FAKE
va fails to properly examine thousands of veterans,FAKE
"some 60 iraqi soldiers killed in mosul offensive, 250 wounded - centcom",FAKE
people in damascus ‘have fear in their eyes’: filmmaker,FAKE
here’s what happened when a hillary supporting mit professor decided to analyze her emails…,FAKE
trump dedicates d.c. hotel: 'the future lies with the dreamers',FAKE
so you’re plummeting to earth with no parachute: a guide,FAKE
putin mocks clinton claim of russia election meddling: ‘is u.s. a banana republic?’,FAKE
"polls are tightening, but is the us presidential election rigged?",FAKE
"save america from donald trump to fix america, or, did your mother drop you on your head?",FAKE
"us public opinion speaks to anti-militarism, the electorate votes for warmongers    : information",FAKE
us condemnation of yemen slaughter backfires as world blames us,FAKE
fbi reopens clinton investigation as new emails found,FAKE
alleged rape suspect arrested; woman says he raped her ‘because she’s white’,FAKE
this poison-free pest control method will cheer up your garden,FAKE
fukushima – the untouchable eco-apocalypse no one is talking about,FAKE
incredible discovery: this fruit extract killed cancer in 48 hours!,FAKE
happening: fbi reopens case against aggro granny after new emails discovered!,FAKE
donald trump’s hollywood walk of fame star destroyed by vandals,FAKE
angelina jolie’s father speaks out against illuminati,FAKE
i thought i was just scared of trump – but it’s his america i fear,FAKE
elite turn on hillary campaign: only the deep state could be so precise,FAKE
"‘clear bias’ against hiring veterans under obama administration, says former va official",FAKE
here’s the clever reason behind thousands of facebook users falsely checking in at standing rock,FAKE
rand paul warns poll manipulation will suppress voter turnout,FAKE
"ashutosh attempts suicide at protest rally, rescued while proofreading suicide note",FAKE
the google trend that reveals it’s all over for hillary,FAKE
"the coming super depression, social unrest, wars, cyberwars, $10,000 gold & $1,000 silver",FAKE
"space wars likely in the future as us, russia develop satellite weapons",FAKE
"fans asked george takei to tweet something positive about trump. he did, and it’s perfect",FAKE
three local military veterans to receive recognition,FAKE
show biz: business and breakthroughs,FAKE
"as calais ""jungle"" burns, refugees try to storm their way back in",FAKE
isis loses grip on mosul: special forces surround jihadists,FAKE
the dollar is on its way out – gold backed currency next? | rory hall,FAKE
"trump smiles, waves, starts rounding them up",FAKE
trump’s campaign for celebrity,FAKE
rigged election: hillary & trump caught partying with kissinger at jesuit gala,FAKE
latest pipeline leak underscores dangers of dakota access pipeline,FAKE
mike pence campaign plane slides off runway after landing at laguardia airport,FAKE
technology blackout feared as solar storm hits earth,FAKE
"syrian girl mysteriously 'saved' again and again (photo, video)",FAKE
donald trump claims the election will be 'rigged' — and critics have called that preposterous and dangerous,FAKE
"project veritas 4: robert creamer’s illegal $20,000 foreign wire transfer caught on tape",FAKE
nasa to test in flight folding wing,FAKE
syrian observatory: 300 isis child soldiers killed in past two weeks around mosul,FAKE
us officials see no link between trump and russia,FAKE
energy update: stargates are active and we have quickening occurring,FAKE
trump has gotten the republican party sued for trying to intimidate voters,FAKE
man decides first 10 minutes of new adam curtis film should be enough to bluff it,FAKE
is de-industrialization a “natural phenomenon” of developed economies?,FAKE
young white men 'excited' to ruin country with third-party vote,FAKE
"millions of romanians, bulgarians preparing to ‘avoid uk like the plague’",FAKE
stuck sitting all day? 6 stretches you need to do to offset it,FAKE
future diwali celebrations to be organized by isis!,FAKE
raw: rocket carrying himarari-9 satellite launched from space center in japan,FAKE
a new email investigation on clinton could hasten the democratic party's demise,FAKE
wwn guide to preventing world war iii,FAKE
why marijuana should be legalized across the globe,FAKE
"trump proposes canceling election, calls black communities ‘ghettos’ at ohio rally",FAKE
‘scattering of paedophile priests fine though’ – vatican,FAKE
calif. proposition requires permit to buy bullets,FAKE
"syrian war report – november 11, 2016: syrian army entered menagh air base",FAKE
chinese communist wants to own hollywood studio,FAKE
top bush admin. official just filed ethics complaint against fbi director for partisan meddling (updated),FAKE
clinton cash 3.0: chelsea clinton being groomed to buy seat in congress by nwo handlers,FAKE
huge! has wikileaks finally burst the hillary clinton bubble?,FAKE
embargo on cuba is an embarrassment for the united states,FAKE
why it’s absolutely worth it to learn game,FAKE
internet sleuths are convinced that the podestas are the kidnappers in these police sketches,FAKE
world community fears hillary kill list,FAKE
here's the trump ad hillary is suing to stop; watch it before it's gone | the federalist papers,FAKE
“america has lost” in the philippines,FAKE
first ever hindu woman elected into congress,FAKE
hillary clinton finally weighs in on dakota access pipeline,FAKE
hafiz saeed and geelani to dress up as mime artists on ravish kumar’s show in solidarity with ndtv,FAKE
trump needs two of these three states to win and he has a commanding lead: “polls show your neighbor is voting for trump”,FAKE
the “dark side” of the mandelbrot set [video],FAKE
how obamacare was designed to fail and hillary clinton knew it all along,FAKE
"the dark cypress school of magic, an american ""hogwarts""",FAKE
ex-state dept employee: sending ‘sensitive’ info to private email norm under clinton,FAKE
this irish tv channel killed their weather presenter for halloween,FAKE
doctors restore ken burns’ full-color vision after removing massive tumor from filmmaker’s visual cortex - the onion - america's finest news source,FAKE
longtime clinton aid: if america read all of hillary’s emails she could ‘lose 49 states’,FAKE
links 11/10/16,FAKE
"3 hags steal trump signs for hillary, slapped with hilarious justice",FAKE
progressives find ‘white trash’ more threatening than nuclear war,FAKE
2:00pm water cooler 11/1/2016,FAKE
alarmist report: earth to lose 67% of wildlife populations by 2020,FAKE
soros launches the ‘purple revolution’ against america,FAKE
proof of past life? teen wakes from coma speaking fluent spanish,FAKE
robert vaughn dies after hearing trumphole wins,FAKE
plane carrying pence skids off runway at laguardia airport,FAKE
election heats up: kerry heads to the poles…in antarctica wtf,FAKE
"syrian mother: isis baked christians adults, ‘kneaded’ christian children in bakery machines",FAKE
watch: rigged voting machine will not allow vote for trump/pence… “stuck” on clinton/kaine,FAKE
comment on if hillary clinton is charged with obstruction of justice she could go to prison for 20 years by kingdom ambassador,FAKE
fighter jets drop training bombs on northern michigan,FAKE
"fear of trump: bush, obama, clinton all buying property in non-extradition nations – will trump prosecute them",FAKE
voters report their votes switched from trump to hillary in texas!,FAKE
"denzel shocks libs by backing trump in beyond epic way, he just shredded obama",FAKE
russian families with children in europe have no way back to russia,FAKE
daughter of alleged iowa cop killer states father ‘very sick mentally’,FAKE
scientists find a plant that could treat diabetes & kill cancer cells,FAKE
erdogan wants to revive the dream of ottoman empire by supporting saudi arabia,FAKE
actor mark ruffalo joins activists in nd to protest dakota access pipeline,FAKE
"us drone strike kills afghan al-qaeda commander who planned us, eu attacks",FAKE
'this is us' star reveals how 'heartbreaking' it was to join weight watchers when she was just 11,FAKE
distrubing new video shows donald trump sexually assaulting miss universe on stage,FAKE
many popular tea bags contain alarming amounts of deadly pesticides (avoid these brands like the plague),FAKE
changing the montenegrin leader does not change the ideology,FAKE
"memo to r. douthat, d. brooks: your “conservative intellectuals” are just no good—which is why we have immigration and cultural marxism",FAKE
rewriting the past,FAKE
"""europe has no future"" putin slams austria migrant child rape injustice",FAKE
british ex-soldier cuts off own toes with pliers to avoid hospital delays,FAKE
putin congratulates trump. reset of us-russian relations inevitable,FAKE
almost 100 missing after boat carrying migrants sinks off libyan coast,FAKE
first thoughts on the not-hillary election results,FAKE
"all governments lie, the movie",FAKE
russia celebrates a unity day of liberation of moscow from the polish roman papists army in 1612,FAKE
target stores to launch in-store vertical farms to grow their own crops,FAKE
wikileaks 26th batch released,FAKE
"bankrupt hanjin breaks stalemate, vessels begin cargo unload",FAKE
rigged election: us blaming russia for future ‘falsified voter fraud’,FAKE
shocking! hillary’s henchwoman sold up the river to save her bacon!,FAKE
facebook faces high profile lawsuit regarding facial recognition technology ‘deepface’,FAKE
talk nation radio: sonia kennebeck on the drone as national bird,FAKE
a christmas story / there is no better purpose than to serve others.,FAKE
what is to be done?,FAKE
secret nazi base “treasure hunter” just discovered in the arctic,FAKE
glitches and voting machine irregularities as poll watchers “obstructed” from observing officials,FAKE
continental gold,FAKE
baking soda and honey: remedy that destroys even the most severe diseases,FAKE
"us elections don't meet ‘international standards,’ osce observer warns",FAKE
guest post: human derivatives and gold,FAKE
"2,700-year-old hebrew mention of jerusalem found",FAKE
how cycling helps save the world (and save your a*@ when the shtf),FAKE
"re: jezebel, mike pence – twitchy.com",FAKE
how to tie a real hangman’s noose knot,FAKE
getting away with terrorism in oregon,FAKE
the war on unesco: al-aqsa mosque is palestinian and east jerusalem is illegally occupied,FAKE
assange: clinton is a cog for goldman sachs & the saudis,FAKE
financial whistleblower explains what’s about to happen to the economy,FAKE
the anti-woman candidate running for president?—that would be the democrat hillary clinton,FAKE
"justice department faces uphill battle should officer daniel pantaleo be charged in eric garner case, experts say",FAKE
huma abedin single handedly just brought down the entire clinton campaign… it’s much worse than we thought | endingfed news network,FAKE
"neighbors smell smoke at muslim home, what they see in window is horrific",FAKE
"police: oklahoma double murder suspect has hit list, may be headed to nevada",FAKE
"next steps: clean up the democratic party, oppose trump",FAKE
podesta to mills: “we are going to have to dump all those emails”,FAKE
donald trump and the disabled reporter: the whole truth and not the spin put on by the media.,FAKE
russia’s frigate admiral grigorovich sets off to syria,FAKE
putin is giving guns and ammo to the alt-right. i know this because i'm glenn beck. - glenn beck,FAKE
"usa network’s mr. robot, season 2: pessimism overtakes anger, with unfortunate results",FAKE
"fbi wants you to believe it examined 650,000 emails in 691,000 seconds",FAKE
donald trump destroyed as fact checker reveals trump lies 20 to 37 times per day,FAKE
austrian disgrace: no jail for muslim migrant who dumped his own baby in the middle of the road after he got drunk and enraged,FAKE
let your child be bored!,FAKE
aclu threatens war against president trump,FAKE
"distracted by election 2016, no-one resisted the deep state’s patriot act 2",FAKE
cbs colorado investigation shows people voting twice; the dead voting,FAKE
julian assange to speak prerecorded rt interview (11/5/16),FAKE
"aspartame corporation searle created first birth control pill: american eugenics and big pharma, a history",FAKE
italian banks struggling to stay afloat,FAKE
company that supplied voting machines to 22 states donated to clinton foundation,FAKE
"congressmen turned radio host, joe walsh, recklessly talks muskets if trump loses",FAKE
former clinton foundation ceo begging russia for ‘urgent and immediate’ asylum?,FAKE
"life: move over, soulcycle: this spin studio motivates its students by hooking up each bike to a sick child’s life support",FAKE
"obama, trump display unity in white house meeting",FAKE
"they said what?!: find out what paula hawkins, sheryl sandberg, and neil gaiman have to say",FAKE
china’s growing amphibious capabilities (two-parts video report),FAKE
the crisis of the european union is irreversible - giancarlo elia valori,FAKE
"newsweek declares clinton president days before election, says it was a ‘business decision’",FAKE
the nightmare election campaign staggers to its end,FAKE
literally election fraud: trump tells followers to vote ‘four or five times’ to ensure race isn’t ‘rigged’ against him,FAKE
tancredo: hillary clinton should step down to avoid constitutional crisis,FAKE
the us may soon face an apocalyptic seismic event,FAKE
man who had his twitter access revoked given access to nuclear codes,FAKE
noam chomsky and ralph nader recently had their first public conversation (video),FAKE
former attorney general janet reno passes away,FAKE
hillary clinton aide advised: ‘dump all those emails’ on private server,FAKE
nasa prepares for asteroid impact within the next 2 decades: “it’s going to happen”,FAKE
will hillary clinton get america back on track?,FAKE
hillary clinton would use scotus vacancies to destroy the constitution,FAKE
re: when technology becomes religion and science becomes god,FAKE
monkeyball btfo by the walking dead [no spoilers],FAKE
your suspicions about gmo crops were just confirmed by a nyt report,FAKE
the fbi’s october surprise: what you’re not being told,FAKE
"report: russian, u.s. jets have close encounter over syria",FAKE
ag lynch told comey,FAKE
"police state elections, 2016",FAKE
‘you’re tweeting about me a lot.’ james o’keefe blasts joy reid for saying he’s not a real journalist,FAKE
fbi director comey’s october surprise,FAKE
assad must stay: us policy shift in syria?,FAKE
early voting is so strong for democrats that clinton could lock up nevada this week,FAKE
is this the most irish thing ever? hse cover up child abuse!,FAKE
physicists say consciousness should be considered a state of matter: the “non physical” is real,FAKE
i wonder what glp will be like the day after the election?,FAKE
kenyan marathon runner rita jeptoo banned 2 more years for doping,FAKE
iranians had every right to take over us embassy | veterans today,FAKE
wikileaks: emails discuss disgraced house speaker pedophile dennis hastert,FAKE
"neil armstrong: their ships were far superior to our -boy, where they big",FAKE
college classmate reveals horrific story of time trump hit his son in the face inside their dorm,FAKE
shocking! hillary clinton will start world war 3,FAKE
"nato goes on high alert to block donald trump presidency, put hillary clinton in power",FAKE
madman merkel demands the internet publicly release all closed-source code,FAKE
this is what happens when a currency hits an all-time low,FAKE
big pharma preps to spend hundreds of millions to keep drug prices high,FAKE
‘solar winds’ spur geomagnetic storm that may affect power,FAKE
explosive assange/pilger interview on us election: expect riots if hillary wins,FAKE
"jesus makes a confession: "" i messed up…""",FAKE
legend says this will translate into a $100 spike in gold overnight,FAKE
comment on breaking: podesta told mills ‘dump all those emails’ on day news of clinton’s private email server broke by t. mohr,FAKE
halloween treat: how many pumpkins will a 50 bmg shoot through?,FAKE
is robert mugabe on his deathbed? uk planning for transition phase in zimbabwe,FAKE
what happens if trump refuses to concede election - the onion - america's finest news source,FAKE
conversations with phone on speaker 89 per cent more likely to be about annoying bullshit,FAKE
comment on maryland trump supporter: they switched my vote to hillary by misterdawg,FAKE
ann coulter: my final argument for trump: humiliate the media!,FAKE
new donna brazile email shows more questions given to hillary in advance.,FAKE
comment on what white house executive chef comerford would cook for president hillary’s first meal by tony rabon,FAKE
comment on weinered: fbi reopens investigation into hillary clinton’s emails by miss marple,FAKE
trump is in the white house! look at the shocking thing trump did to obama... * liberty writers news,FAKE
bernie sanders says what the media won’t: trump is a gutless political coward,FAKE
"exposed: billionaire globalist soros behind trump protests, provoking us 'color revolution'",FAKE
trump in the white house    : information,FAKE
the world war 3 conspiracy – episode 1,FAKE
"trunews 11/07/16 jerome corsi, dr. peter jones | election day: reprieve or judgment?",FAKE
progressives find ‘white trash’ more threatening than nuclear war — paul craig roberts,FAKE
will ferrell just came back as bush to destroy trump (video),FAKE
a reader writes on the illegal alien who’s setting forest fires that americans won’t–and the bribed environmentalists who don’t care,FAKE
computers that can read your mind and convert your thoughts,FAKE
devastating aftermath of twin quakes in italy (drone footage),FAKE
"more than 100,000 acres destroyed in alabama by 900-plus wildfires since october 1",FAKE
alt-right predicted the reopened fbi investigation was a sham,FAKE
the end game closes in on the clintons as the deep state turns,FAKE
all dogs on dog tinder,FAKE
open thread 2016-36,FAKE
russia ww3 weapon: nikola tesla’s death ray in vladimir putin’s possession?,FAKE
nato imposes sanctions on itself after killing 30 afghan civilians,FAKE
a reader is inspired to grassroots activism by trump | vdare - premier news outlet for patriotic immigration reform,FAKE
merkel’s germany descends into lawlessness as muslim migrants rule the streets with impunity,FAKE
shilajit: the ancient yogic superfood that rebuilds your body,FAKE
senate democrats to fbi: put up or shut up about emails (tweets),FAKE
rob kall on presstv talking about comey and who wins the election,FAKE
exclusive: foreign isis fighters defend mosul frontline as locals flee,FAKE
somali home invasions!,FAKE
humanitarian attempted dangerous english channel swim to save 172 children,FAKE
6.1 italy,FAKE
"in historic first, icc preparing to investigate us war crimes in afghanistan",FAKE
if catcalls were politically correct…,FAKE
the end of obama’s term: a report card on latin america,FAKE
president of south korea is a puppet of her rasputin-like shaman fortuneteller,FAKE
trump warning: the start of world war iii and isis,FAKE
treat kidney infection with these home remedies,FAKE
trump warns of world war iii if clinton is elected,FAKE
the spiritual significance of halloween,FAKE
vladimir putin condemns europe for upholding child rape (video) - ricky twisdale,FAKE
boaty mcboatface ii? p&o bravely asks the public to name its new ferry,FAKE
only the deep state is so precise,FAKE
advisor and surrogate doug schoen unendorses hillary clinton,FAKE
will the polar vortex return this winter? - russia news now,FAKE
prepping for a full on breakdown? stockpile these foods,FAKE
french privacy row over mass id database,FAKE
imahdi – the arrivals 39 the prophet’s lineageالقادمون,FAKE
the protest at muskrat falls mainstream media ignored and why it’s important,FAKE
insiders threaten to expose hillary's pedophile sex ring!!!,FAKE
"the fight isnt against isis, its against assad      :",FAKE
"why ice ages occur every 100,000 years",FAKE
i envy you,FAKE
merkel: worried about islamisation? just sing christmas carols,FAKE
americans are so disconnected from reality that “insouciant” has become an euphemism,FAKE
press tv: duff on un condemnations of “moderate terrorists”,FAKE
cher just destroyed fake republican outrage over hillary’s emails with one tweet,FAKE
"four arab countries bought thousands of cars from toyota and delivered them to""daesh""",FAKE
trump’s twitter access revoked - the onion - america's finest news source,FAKE
dragon sighting in thunderstorm,FAKE
greatest basketball player of our era to help first woman president beat biggest asshole of all time,FAKE
migrant screaming ‘allahu akbar’ bursts into a wedding in a german church and tears down decorations,FAKE
defense board: white house blocked navy from s. china sea warship passages,FAKE
putin blasts clinton & tells u.s. govt to stop criticizing russia,FAKE
mall of america to close for first time ever on thanksgiving,FAKE
assange destroys hillary clinton in his most provocative interview ever [watch],FAKE
the shortest and most powerful explanation of trump's victory i have ever seen,FAKE
stabbing injures seven people in newark home · guardian liberty voice,FAKE
internet at risk! don't trust those with good intentions to ruin liberty.,FAKE
more on trump’s populism and how it can be controlled by government,FAKE
"verboten! don’t speak german on the streets of post-brexit britain, warns lawyer",FAKE
lesseroftwoevilism,FAKE
quit smoking! smoking cigarettes causes 150 genetic mutations and cancer,FAKE
a tea party congressman just called for armed uprising if trump loses,FAKE
war on weed: bayer-monsanto working on genetically modified corporate cannabis?,FAKE
project veritas undercover journalist in full burka is offered huma abedin’s ballot,FAKE
stephen lendman sums up the nyt,FAKE
comment on cop’s attempt to abuse his authority during fit of road rage is shutdown by informed citizen by jynxster,FAKE
"tom hayden, courageous warrior for peace",FAKE
biotech industry going all out to stop independent review of glyphosate,FAKE
joel skousen on scenario world war 3 nwo 2016 is coming,FAKE
"trunews 11/08/16 robert jeffress, darrell scott | america’s decision day 2016",FAKE
hillary clinton freaked out her entire campaign with this one move,FAKE
clinton’s email narrative just fell apart,FAKE
"man’s driveway collapses, reveals shelter that time forgot waiting underneath",FAKE
"hope, change, lies and greatness",FAKE
key time in collective human history,FAKE
public support for the euro,FAKE
trump wants to appoint alt-right propagandist steve bannon as his chief of staff,FAKE
thomas frank explores whether hillary clinton and the democratic party will address inequality,FAKE
donald trump closes gap with hillary clinton in michigan,FAKE
life: 6 great halloween costume ideas for duos,FAKE
this is what constipation does to your body,FAKE
will fbi director comey’s october surprise derail hillary’s white house bid?,FAKE
breaking: obama: “we have not had a major scandal” in my administration! hahaha!,FAKE
west covering up crimes of bahraini regime: analyst,FAKE
infuriating: one week before the election and the fbi again tries to f*ck over hillary’s campaign,FAKE
america votes to make itself grate again,FAKE
hannity offers to pay 1-way ticket for obama to kenya after leaving white house,FAKE
don’t ask thom yorke to write a cover quote for your book,FAKE
"black turnout soft in early voting, boding ill for hillary clinton",FAKE
iraqi christians return to charred churches captured from isis,FAKE
clinton campaign says fbi has “double standards” as podesta’s bestie runs the new doj email investigation,FAKE
world war 3 is coming,FAKE
dakota access pipeline ceo kelcy warren should face the music,FAKE
donald trump & hillary clinton ~ rap song (the oligarchy),FAKE
"make music great again, with these 10 trumped up album covers",FAKE
clinton ‘appalled’ by effort to recoup veterans’ bonuses,FAKE
the fed plans for the next crisis,FAKE
can normal transistors act like a qubit?,FAKE
who i'm voting for...,FAKE
email reveals what progressive think tank gained by hosting netanyahu,FAKE
"hacker guccifer 2.0 says election could be rigged, promises to monitor ‘from inside’",FAKE
nostradamus predicted the rise of putin and an alien invasion in 2017-2020,FAKE
trumped! liberal news outlet bloomberg poll concedes trump beating crooked hillary in florida,FAKE
social justice warriors vow to call the police on people wearing “offensive” halloween costumes,FAKE
breaking: obama atf accused of covering up political element in firebombing of gop hq,FAKE
the russian far east looks to the american west for inspiration,FAKE
breaking! google & youtube caught censoring bill clinton’s son,FAKE
russia and nato hold war games next to each other,FAKE
putin dedicates christian statue to prince vladimir,FAKE
13 years later elizabeth smart realizes kidnapping was even worse for her parents,FAKE
“the rejected petitions on the uk government website are amazing”,FAKE
from the archives: “richard kline: progressively losing”,FAKE
democrats are racist for calling black trump supporters uneducated red necks,FAKE
"60 civilians killed, 200 injured as us-led airstrikes hit a school in iraq",FAKE
pakistan expels india diplomat in tit-for-tat move,FAKE
one branch of burger king perfectly trolled mcdonald’s for halloween,FAKE
supreme court decides to weigh in on transgender rights,FAKE
does hillary clinton already know the results of the election?,FAKE
mission accomplished? rt crew finds refugees still at ‘jungle’ camp despite ‘successful’ eviction,FAKE
the fix is in: nbc affiliate accidentally posts election results a week early: hillary wins presidency 42% to trump’s 40%,FAKE
‘ignored’ voter to become ‘absolutely shafted’ voter,FAKE
silver signals the flight to real safety is on again – fund manager,FAKE
the truth is out! the media doesn't want you to see what hillary did after losing... * liberty writers news,FAKE
presstv-nato pushes military buildup plans near russia,FAKE
"comment on ""what hath trump wrought?"" by pat buchanan",FAKE
barrel bomb: the cataclysmic close of campaign 2016      : information,FAKE
how led lighting may compromise your health,FAKE
final 2016 presidential election update before voting ends [video],FAKE
journalism startup newsbud launches critical 2nd crowdfund - richard brandt,FAKE
here’s how against the republican establishment trump is:,FAKE
fox news reporter: seeing trump rally crowds “how could he possibly be losing?” (video) | endingfed news network,FAKE
a lot of people in the us are suddenly identifying as “white”,FAKE
fox news gets destroyed while trying to blame hillary clinton for gop email scandal,FAKE
is nic cage hair a alien?,FAKE
"the fbi, the dhs’s customs and border protection, the secret service, and the israelis are in cahoots",FAKE
comment on abuse survivor speaks out: “cops stood guard as i was raped by politicians as a child” by laert kolaveri,FAKE
the “american conservative movement” has ended. the american right goes on.,FAKE
global debt grows and central banks are buyers,FAKE
dueling drills further increase nato russia tensions,FAKE
breaking… smoking gun coming? cbs reports fbi found clinton server related emails on weiner computer that weren’t disclosed,FAKE
"dialogue with russia important to ensure security in the baltic: finnish, latvian presidents - russia news now",FAKE
why you need sunlight everywhere you can get it,FAKE
"oracle report: friday, october 28, 2016",FAKE
they knew: the end of the clinton lies begins,FAKE
questions re kim dotcom and wikileaks,FAKE
hillary clinton: it’s a “great idea” to appoint obama to the supreme court,FAKE
tech” malaise pricks san francisco office space bubble,FAKE
"awesome video shows the real donald trump, presidential candidate",FAKE
wikileaks: hillary got $12 million for clinton charity as quid pro quo for morocco meeting,FAKE
franklin graham: the media didn’t understand the ‘god-factor’ in trump’s win,FAKE
russia & cis countries launch massive air drills,FAKE
remain supporters instrumental in emergence of eu army,FAKE
russian nuclear submarines armed with cruise missiles set off to syria,FAKE
the one who's name should not be mention...!!!!,FAKE
"‘chairman cash’ – john podesta is paid $7,000 a month by foundation run by banker with ties to financial crisis",FAKE
"he loses his pulse for 45 minutes, wakes up and reveals this afterlife chilling vision",FAKE
colombia & farc rebels sign new peace deal,FAKE
"distracted by election 2016, no-one resisted the deep state’s patriot act 2",FAKE
"russia destroys most isis-daesh heavy weaponry, u.s. promptly airdrops 50-tons of weapons into syria for the terrorists",FAKE
"‘terrifying’: at&t spying on americans for profit, new documents reveal",FAKE
military op to retake mosul from isis,FAKE
"‘go back to where you claim home,’ kansas lawmaker tells protester",FAKE
rats pictured leaving sinking oci headquarters,FAKE
"hope for the best, prepare for the worst…",FAKE
new exoplanet discoveries reveal red-dwarf stars as likely hosts to large populations of earth-like water worlds,FAKE
conflicting accounts emerge after treaty camp police action,FAKE
shock: woman’s stolen car returns with gas money and unexpected note,FAKE
"deplorables 1, empire 0      : information",FAKE
mom fights back after son gets rejected from ad campaign “because he has down’s syndrome”,FAKE
these strange sounds were recorded in slovakia in august and october 2016.,FAKE
must watch: when people laughed at donald trump and anyone who said he would win,FAKE
disaffected america strikes back,FAKE
links 11/1/16,FAKE
hillary’s secret is out with what camera caught her doing before rally,FAKE
german footballer does impressive keepie uppies with his chewing gum,FAKE
"boy wearing a ‘my dad is an atm’ t-shirt chased by mob; father frisked, robbed",FAKE
'there are many instances’ of voter fraud: gop vp candidate pence,FAKE
drunk coed attempting to take topless selfie while driving plows into police cruiser,FAKE
the fix is in: nbc affiliate accidentally posts election results a week early: hillary wins presidency 42% to trump’s 40%,FAKE
johnson & johnson loses yet another multimillion dollar case over baby powder,FAKE
"comment on entitled customer slams restaurant on yelp, what happens next is sheer badassery by customize your own jerseys",FAKE
"inside the invisible government; war, propaganda, clinton & trump",FAKE
the negative health effects of fragranced products,FAKE
a guide to the paradoxroutine,FAKE
memo to comey: keep your damn hands off our elections     : information,FAKE
doj complaint filed against fbi director james comey for interfering in presidential election,FAKE
robert frank talks ‘radical pragmatism’ and the economy,FAKE
"how this syrian refugee supports 4 wives, 22 children is nuts",FAKE
benny morris’s untenable denial of the ethnic cleansing of palestine,FAKE
understanding propaganda - the art of distraction and disinformation,FAKE
verified report: these cops left standing rock and refuse to return,FAKE
tom hayden’s haunting,FAKE
pro-sovereignty legislators demand that administration end border anarchy,FAKE
quid pro quo? wikileaks email reveals clinton campaign eyeing paul ryan’s relative for scotus,FAKE
the email that got john podesta hacked,FAKE
johnson & johnson ordered to pay $72 million in another ovarian cancer case caused by baby powder,FAKE
video : ann coulter gloats about being right while the media and establishment were wrong,FAKE
arkansas republicans put the word “liar” in hillary’s name on ballot,FAKE
facebook nazi thought police editors threaten to quit if mark zuckerberg doesn’t ban donald trump for hate speech,FAKE
doj agrees: north carolina counties are purging black voters from the rolls,FAKE
no jail time for muslim migrant who dumped baby in road and left it for dead,FAKE
mobile passes desktop for the first time…,FAKE
amazing baby! 4-year-old bella from moscow easily speaks 7 languages,FAKE
election day questions,FAKE
islam not welcome: obama just got terrible news – this could end his muslim “refugee” program… forever!,FAKE
"fbi rebels, huma abedin “insurance file” found on seized laptop 10,000 emails",FAKE
poison,FAKE
"obamacare architect: ‘the law is working as designed,’ just needs ‘a larger mandate penalty’",FAKE
the psychopathic and insincere jihad,FAKE
a snobol's chance,FAKE
aid agencies in iraq brace for exodus as civilians flee us mosul offensive,FAKE
people shocked at what hillary brought with her to speech during scandal,FAKE
november 11: daily contrarian reads,FAKE
hook up sites tinder and grindr good for population control,FAKE
"772 daesh terrorists killed, 23 captured since start of mosul operation: iraq",FAKE
do you know what it means to be an introvert?,FAKE
comment on sweden on the brink? police force pushed to breaking point by violence amid migrant influx by paul blake,FAKE
hillary clinton is now radioactive – sot #122,FAKE
palace continuing to let prince philip think ‘miss markle’ is agatha christie character,FAKE
7 reasons trump won | daily wire,FAKE
are you shitting me !! a dindu flavor 24 - 'jack bauer??,FAKE
hillary clinton laundered isis cash - says investigating u.s. army officer,FAKE
turkish government arrests opposition parliament members in further descent into dictatorship,FAKE
comment on a digital 9/11 if trump wins by james ludwig,FAKE
the director of the fbi reopens the hillary case,FAKE
the devaluation of higher education,FAKE
"of course americans are stupid enough to do this, say experts",FAKE
butt-hurt crying hillary voters compilation,FAKE
"within hours of donald trump being president, these 12 things have already happened",FAKE
anyone from the family who can understand what i speak will be appointed as up cm: mulayam singh,FAKE
the yale record just published the best non-endorsement of a candidate ever!,FAKE
vapen clear: meet the world’s first cannabis inhaler,FAKE
russia demands explanation after us hacks entire russian infrastructure,FAKE
"after terrorizing america with zika scaremongering, msm admits zika doesn't cause brain deformities",FAKE
tony blair suggests a second referendum to reverse brexit,FAKE
testimonial – ‘i can focus better’ from kate,FAKE
"obama said america wants him back for a 3rd term, here’s how america responded",FAKE
chart of the day: the ever-widening wage gap,FAKE
comment on democratic national committee shuts out officer from debate after calling for more by elliptic curve,FAKE
stopping hillary’s coming war on syria,FAKE
trump reaches out to blacks; blacks riot in philadelphia,FAKE
will trump make america great again?,FAKE
why do parents refuse to vaccinate their children?,FAKE
comment on ‘i won’t stop until i’m too fat to move’: morbidly obese model who dreams of weighing 1000lbs by welcometoskaamoog,FAKE
it’s not over yet: “they may be trying to steal arizona and michigan” | calls for electoral college to ignore will of people,FAKE
margaret flowers’ retrospective on running as a green for the u.s. senate,FAKE
‘moonlight’: baptism by hope,FAKE
watch hillary clintons concession speech,FAKE
which states don't have mexicans?,FAKE
hillary responds to creepy joe biden caught groping dozens of young women,FAKE
one of the most undervalued storable survival foods,FAKE
hillary clinton’s “sudden move” of $1.8 billion to qatar central bank stuns financial world,FAKE
wikileaks: clinton foundation’s fundraisers pressed donors to steer business to former president,FAKE
"nation’s still-undecided voters: ‘help, we can’t get our car seatbelts off’ - the onion - america's finest news source",FAKE
america at the crossroads: abrogation of democracy,FAKE
critics decry surveillance of canadian journalist as part of “horrifying” culture shift,FAKE
watch what this trump hater just did in his underwear,FAKE
emergency survival food sales soar as we get closer to election day,FAKE
national geographic – the armageddon (documentary film),FAKE
netherlands has a new muslim political party called ‘denk’ (think) created by muslim colonizers for muslim colonizers,FAKE
american indian group mocks racist sports mascots in the most brilliant way,FAKE
holding hillary accountable,FAKE
"superbugs: big pharma to blame for coming death of 700,000 people annually",FAKE
the pathologization of dissent,FAKE
warning: a pivotal moment for the stock market may be here,FAKE
hard truth about how a country evolves towards fascism [meme],FAKE
fbi investigates saudi wife-abusing clinton foundation donor in straw donor scheme,FAKE
alien insects capture in uk,FAKE
the sugar industry: funding research to sugarcoat the truth,FAKE
"face it. nobody cares about wikileaks because trump doesn't have the ""temperament"" to be president. he's scary.",FAKE
the birth bump – do you feel like were born into the wrong family?,FAKE
trump: the media’s frankenstein monster,FAKE
"nsa whistleblower says dnc email hack was not by russia, but by us intelligence",FAKE
russia reportedly successfully tests nuclear-capable hypersonic glider warhead,FAKE
war on saturated fats has harmed people in poor countries who shunned traditional fats like coconut oil,FAKE
chart of the day: real final sales—the history of lower,FAKE
"after two wars, standing rock is the first time i served the american people",FAKE
re: why are so many people choosing to leave the united states permanently?,FAKE
alert: former soros associate just warned this is going to send the world into total chaos,FAKE
fallout from fbi’s new criminal investigation has already begun,FAKE
we finally know why americans spend more on prescription drugs than other nations,FAKE
7 malheur wildlife refuge standoff defendants acquitted in oregon,FAKE
germany clamping down on offshore tax havens,FAKE
heritage college closing all 10 of its campuses,FAKE
workers in jerusalem church uncover stone slab that jesus lay on,FAKE
"a fifth clinton presidency? hill, no!",FAKE
trump promotes world peace as hillary calls for war,FAKE
"obama admin targets soldiers’ bonuses, lets bad va employees keep theirs",FAKE
top trump twitter poster banned,FAKE
automation: robots from korea to america are replacing workers,FAKE
"protesters disrupt ""affirmative action bake sale"" at ut-austin",FAKE
breaking : trump takes nearly 6-point national lead – truthfeed,FAKE
twitter users mock hillary clinton for wishing herself a happy birthday,FAKE
seven world-historical achievements of the iraq invasion of 2003,FAKE
most russians wan to ignore criticism from the west,FAKE
hidden in plain sight – the global depopulation agenda,FAKE
prep blog review: how to survive the flu & cold season,FAKE
hillary admits in leaked email that clinton donors are funding isis,FAKE
russia asks cia: why did hillary clinton just buy $137 million worth of illegal arms?,FAKE
donald or hillary: a decision between life and death,FAKE
new world order pushes back on brexit revolution,FAKE
girl soldiers: forgotten casualties of war,FAKE
revealed: hillary wants joe biden to be her secretary of state,FAKE
manny pacquiao's son dead? report says jimuel pacquiao dies of asthm complications - morning news usa,FAKE
re: democrats loved jonathan gruber before they forgot who he was [video],FAKE
assange: clinton campaign tried to hack wikileaks,FAKE
telegraph “journalist” calls for the assassination of donald trump the deletes her twitter account – truthfeed,FAKE
how putin derailed the west's grand project to remake the world - mike whitney,FAKE
"comment on st. charles borromeo, patron saint of catechists and seminarians by jose",FAKE
"mosul is being destroyed by, as well as ‘liberated' from, isis",FAKE
"‘chairman cash’ – john podesta is paid $7,000 a month by foundation run by banker with ties to financial crisis",FAKE
cypriot leaders to continue talks in november: un,FAKE
us hawks gamble on turkey’s invasions,FAKE
"triggered lefty tries to run over trump sign, gets perfect dose of justice",FAKE
ammon bundy’s bodyguard sentenced in oregon standoff case,FAKE
dr. david duke and andrew anglin red pill and white pill our people in an hour of ultimate political incorrectness!,FAKE
the wikileaks list: at least 65 mainstrea media reporters were meeting with and/or coordinating offline with top hillary advisors,FAKE
"comment on govt corruption so rampant, fbi buys billboards asking public to rat out criminal state agents by rixar13",FAKE
must listen: david icke special lecture on the archon — october 2016,FAKE
cnn host scolds conway on trump's treatment of reporters. then she flips script with 1 big question,FAKE
"dispatches from wolf country –sitting in my cave, watching the spider spin",FAKE
vladimir putin declares victory in us presidential elections,FAKE
china’s global game-changer and why gold will skyrocket as it anchors new monetary system,FAKE
"syrian war report – november 10, 2016: kurdsh ypg clashing with turkey-led forces",FAKE
now malaysia dumps us for chinese naval vessels,FAKE
"sorry, piers, but joe walsh just laid claim to the ‘musket’ nickname with his post-election call to arms",FAKE
"david fahrenthold strikes, exposing donald trump’s false philanthropy",FAKE
comment on wikileaks emails show clinton aide says foundation paid for chelsea’s wedding by dr. eowyn,FAKE
"pharrell williams begs women to vote hillary: she’s dishonest, but so are you",FAKE
assistant attorney general tipped off clinton camp about doj investigation,FAKE
hillary is the perfection of a corrupt system,FAKE
hillary clinton demands answers and democrats call foul,FAKE
"news: inspiring: when this woman was feeling too lazy to vote, her ovaries burst out of her body and dragged her to the polling place",FAKE
20 things the fda (federal deception administration) doesn’t want you to know,FAKE
"keep your thanks, what veterans really need are good jobs",FAKE
fema opens loan window as red cross tries to shut down shelters,FAKE
before standing rock – the legacy of resistance against the keystone pipeline,FAKE
"quicklink: ""the meaning of bob dylan's silence"" | opednews",FAKE
the dark agenda behind globalism and open borders,FAKE
debunked : abc poll showing clinton with a 12 point lead is fake,FAKE
tom delonge: changing the cynical views of youth towards government,FAKE
walt whitman’s america through edward weston’s eyes,FAKE
the clinton fbi investigation just got real,FAKE
"texas official sees record breaking turnout, and it’s all for trump",FAKE
comment on 21 things we’ve learned about hillary clinton from wikileaks that the msm won’t share…but you can! by lakshmima,FAKE
under the big top – america’s three rings of evil clowns | new eastern outlook,FAKE
liberalism past: the rise of moral clarity,FAKE
police investigate fraud after voter registration flips from republican to democrat,FAKE
what young men need to know to avoid a statutory rape accusation,FAKE
anonymity: the greatest weapon against oppression,FAKE
why isn’t nsa surveillance an election issue?,FAKE
presstv-'i can't punch trump now he's president',FAKE
the eu circus from the hague to kiev: will europe bow down to migration?,FAKE
latest assault on aleppo: west covers up terror-ties,FAKE
run on deutsche bank accelerates – harvey organ,FAKE
“i can’t believe i’m doing this’ — man livestreams himself stealing a cop car on facebook,FAKE
wells fargo or the federal reserve: who’s the bigger fraud?,FAKE
the vibration of the world,FAKE
migrants flood into u.s. from mexico right before election,FAKE
no soul-searching by liberals and us presstitutes after clinton's defeat,FAKE
farage to act as go-between for trump and nearest domino’s,FAKE
some phenomenal product placement on the mail online,FAKE
newborn baby kidnapped from alabama hospital after parents decline birth certificate and ssn,FAKE
man coolly gets to atm machine after flashing samsung galaxy note 7 to queue,FAKE
french politician blames uk welfare system for calais jungle crisis,FAKE
obama administration smacks down enlistment bonus repayments after republican congress does nothing,FAKE
cdc spider is the biggest medical whistleblower event in history,FAKE
nc transgender bathrooms: “we don’t care”,FAKE
comment on bob woodward ‘offed by clinton death machine’? by dcg,FAKE
breaking: doj assistant attorney peter kadzik outed as a mole for hillary clinton campaign... #wikileaks | redflag news,FAKE
the u.s. government’s power to assassinate,FAKE
#draftourdaughters: feminist hillary supporters vow to fight war with russia for us,FAKE
survival pharmacy: 9 ways to use ginger for your health,FAKE
comments circulating about the republican presidential candidate,FAKE
u.n. rights expert urges nations not to sign ‘flawed’ ceta treaty,FAKE
sniff your underarms and tell us if you stink...,FAKE
the myth of the mcmahon line,FAKE
trade agreements or political independence: a false choice,FAKE
the orthodox nationalist: albania’s alliance with globalism,FAKE
re: how is that cancer moonshot progressing?,FAKE
permit me to clarify my position (an apology for prometheus),FAKE
representative government or thugocracy?,FAKE
anderson cooper on melania’s cyber-bullying speech: isn’t the problem with her family? (video),FAKE
miley cyrus crying over trump victory (video),FAKE
has family guy gone nuts?,FAKE
paypal co-founder and major trump supporter said rape accusations are just “belated regret”,FAKE
election day in america: the political earth could move—trump’s route to 270,FAKE
world war 3 balance – britain the latest nato nation to bolster baltic states against russian threat,FAKE
"life at migrant centers in germany: rt talks to volunteers, refugees about their hopes and fears",FAKE
knife-wielding man shot dead outside us embassy in nairobi,FAKE
can the oligarchy still steal the presidential election? — paul craig roberts,FAKE
the rise of the robots,FAKE
four-day obama trip in 2013 cost us taxpayers $3.6mln,FAKE
how the elites are using “divide and rule” to control us,FAKE
hillary horrified as 2 pics surfaced overnight that she didn’t want out,FAKE
eu using taxpayer money to give muslim invaders in turkey free debit cards and cash transfers to keep them out of europe,FAKE
unprecedented letter from chair of joint chiefs suggests u.s. military does not want a president hillary,FAKE
5 things you can do to challenge trump’s presidency,FAKE
"saudi ambassador to the uae: any contact with iran, iraq, syria, and lebanon should be checked",FAKE
the pitfalls of partial disclosure – why a string of half-truths just won’t cut it,FAKE
mrs. weiner,FAKE
"france: muslim screams ‘there is only one master — allah’, punches teacher in front of pupils",FAKE
"trump jr. suspiciously helps arizona woman push stalled car, uses it as a photo op (video)",FAKE
links 11/9/16: election day,FAKE
iraqi forces score major gains south of mosul,FAKE
hillary clinton finally weighs in on dakota access pipeline,FAKE
"what if consciousness is a state of matter, just like a solid, a liquid or a gas?",FAKE
saturated fat and heart disease: “the greatest scam in the history of medicine”,FAKE
9/11 firefighters reveal bombs destroyed wtc lobby,FAKE
voters can fight back against election fraud,FAKE
ben shapiro destroys john oliver on abortion and trump | daily wire,FAKE
comment on what you need to know about how gut bacteria makes us fat & thin by good summer bugs! - brendawatson.com,FAKE
"‘intl community still financing, protecting terrorists’ – mother agnes, vanessa beeley on syria",FAKE
re: did you notice anything different in the msm lately?,FAKE
hispanic crowd boos marco rubio off stage,FAKE
shocking questions about the fbi & the ‘news’ media,FAKE
clinton campaign chair had dinner with top doj official one day after hillary’s benghazi hearing,FAKE
"america might not deserve trump, but dems and hillary deserved to lose",FAKE
russia registered us attack drone in area where idlib school was attacked,FAKE
"hillary sold weapons to isis, wikileaks confirms",FAKE
turkeys face deep divisions over thanksgiving vote,FAKE
of veterans and black mirror roaches,FAKE
pakistan police detain dozens of imran khan's supporters in islamabad,FAKE
alert: soros associate warns fed may use friday’s gdp release to smash gold,FAKE
alert on russian border over alleged “cyber attacks” and “propaganda”,FAKE
freeing yourself from overwhelm,FAKE
could us elections be stolen? election integrity activists say yes,FAKE
geert wilders announces boycott of free speech trial,FAKE
kylie jenner sizzles in these chip-pan accident pictures,FAKE
“memoirs of a misogynist” is a brutal and entertaining look at our sexual dystopia,FAKE
hillary failing at twitter today: “happy birthday to this future president”,FAKE
read the frustrating conversation a man had with his granny after accidentally phoning her,FAKE
china holds military drills with us ally saudi arabia,FAKE
re: apostate evangelicals are poised to become the deciding factor in a hillary clinton election victory,FAKE
russia: rebel attacks around aleppo jeopardize pause in airstrikes,FAKE
the rise of mandatory vaccinations means the end of medical freedom,FAKE
3 priceless zen teachings on fear,FAKE
putin admin threatens norway with nuclear war over build up of us forces,FAKE
the #nevertrump’s final plan: ‘elect and impeach’,FAKE
israel recalling unesco ambassador,FAKE
watch: how to build a simple water purifier that turns dirty water and even salt water into clean fresh pure water,FAKE
the david duke show: hillary’s treason and why trump & duke will win,FAKE
kashmiris and pakistanis subscribe en masse to washington post after barkha joins as contributor,FAKE
woman 'eaten alive' by daughter's dogs,FAKE
voter suppression illegal or pure intimidation,FAKE
gold and the dollar moving in tandem?,FAKE
breaking: judge issues restraining order against donald trump,FAKE
the forgotten political debate that led to america’s worldwide interventionism,FAKE
feminist camille paglia slams clinton,FAKE
fda found manipulating the media in favor of big pharma,FAKE
kevin annett reviews the past few years of the itccs | oct. 15th 2016 [video],FAKE
"boom! this is how president reagan handled protesters: ""negotiate? what is there to negotiate?"" [video] » 100percentfedup.com",FAKE
a hillary win will be google’s win of everything,FAKE
"solar eruption watch, satellite glitch | s0 news oct.31.2016 [video]",FAKE
"leaked: podesta's satanic ""spirit cooking"" dinner. distrubing stuff beyond belief!",FAKE
hillary’s (islamic) america is already here where ‘muslim no-go zones’ are popping up all over michiganistan,FAKE
congressman tells cub scouts he’ll vote trump ‘no matter what crazy things he says’ (video),FAKE
trump shocked to discover women can vote,FAKE
will the deep state win the election?,FAKE
cop arrested for using police status to rape little boys at home for abused children,FAKE
comment on 16 tips for having sex with croatian girls by watch: my summer vacation in croatia,FAKE
israeli supporters of donald trump rally at ‘jerusalem forever’ event in israel’s capital city,FAKE
explosive assange/pilger interview on us election: expect riots if hillary wins,FAKE
17 year old indigo child message to the new children and lightworkers,FAKE
"bundy brothers discharged from oregon jail, headed to nevada with u.s. marshals",FAKE
"uk interested in strong energy sector, stable int'l market - ex-minister",FAKE
neeraj pandey announces film on 500/1000 ban: “a wednesday re-modified”,FAKE
"julian assange: trump won’t be allowed to win, clinton & isis funded by same money",FAKE
fdny rope rescue at manhattan 6th-alarm,FAKE
"black agenda radio for week of nov. 7, 2016",FAKE
this video is shocking the entire world,FAKE
what will replace isis?,FAKE
glorifying violence,FAKE
dennis kucinich’s extraordinary warning on d.c.’s think tank warmongers,FAKE
putin: russia is not going to attack anyone,FAKE
"strange sounds in the air, florida",FAKE
"isis declares it will kill palestinians “one by one”’, yet remains quiet on israel",FAKE
"syrian war report – november 4, 2016: govt forces repel fierce militant advance in aleppo",FAKE
at&t secret spy program unveiled: project hemisphere,FAKE
armed dakota access contractor accused of trying to infiltrate water protectors,FAKE
trump: polling machines are flipping votes for hillary,FAKE
"nato, us, & uk to assemble largest troop buildup on russian border since cold war",FAKE
there’s wildly conflicting information about what fbi actually found in renewed clinton email probe,FAKE
us election race : the huma abedin connection (8-minute video),FAKE
watch: hillary aide rushes to her side to help her climb one step!,FAKE
trump voter’s insane reason for voting for trump is making internet lose it (tweets),FAKE
the only coup is a stolen election,FAKE
"fbi discovered emails weeks ago, stash includes classified emails “likely” deleted by clinton – wikileaks",FAKE
venezuela’s economic crisis: does it mean that the left has failed?,FAKE
3 brit judges attempt to thwart brexit because their wigs will become too expensive!,FAKE
washington recruit al qaeda to help oust assad from syria,FAKE
america’s primal scream: david icke explains reason for trump’s election result,FAKE
iphone tricks – 9 secret iphone codes,FAKE
the political world after trump’s win,FAKE
"breaking: active shooter azusa, ca polling station, multple injured 1 dead (live blog)",FAKE
tweetwave,FAKE
smart meter case testimony before the pennsylvania public utility commission: what no one wants to acknowledge about emf damage (part 2 of 4),FAKE
"they said what?!: find out what liam neeson, lorena garcia, and kyle chandler have to say",FAKE
assange: we are purposely holding the emails back until election day so they cannot have time to replace hillary.” - usa supreme,FAKE
the us elections do matter but not necessary to follow them – sheikh imran hosein,FAKE
re: will barack obama delay or suspend the election if hillary is forced out by the new fbi email investigation?,FAKE
cubs win first world series in 108 years - the onion - america's finest news source,FAKE
what is operation bluebeam? will it derail the election?,FAKE
russia calls the war party’s bluff,FAKE
clintons’ tax returns raise many questions,FAKE
#nodapl situation critical,FAKE
"us, japan, south korea agree to put more pressure on north korea",FAKE
history is made: physicists prove einstein’s theory was right 100 years later!,FAKE
"they said what?!: find out what reba mcentire, whoopi goldberg, and pope francis have to say",FAKE
comment on video: cop didn’t like being called a ‘storm trooper’ so he kicked a handcuffed man in the face by troll hunter,FAKE
bob dylan secretly longs for teen choice award,FAKE
"rand paul returns $620,000 to u.s. treasury",FAKE
worker channels liam neeson after their lunch is “taken”,FAKE
arnold schwarzenegger and jackie chan to play in russian-chinese film on gogol story,FAKE
"in the first 19 days of october, trump gave just $31k to his own campaign",FAKE
breaking: shock huma admission found in emails… hillary still not right “in the head”,FAKE
memo to the next administration: defense spending must be for actual defense,FAKE
the path to total dictatorship: america’s shadow government and its silent coup,FAKE
breaking: jury reaches decision on oregon wildlife refuge militia leaders,FAKE
clinton claims us voters to reject trump's ‘divisive vision of america’,FAKE
new york times to ‘rededicate’ itself to journalism after election fail,FAKE
top doctors: chemotherapy one of dozens of procedures shown to 'give no benefit',FAKE
"flash mob of black teens assault whites, media silent on if it's a hate crime. | daily wire",FAKE
fbi director james comey’s internal memo on hillary investigation was just leaked,FAKE
release: the podesta emails part 20,FAKE
obstruction of justice – hillary clinton could face 20 years in prison,FAKE
ideas make us rich,FAKE
flu shot hoax admitted: 'no controlled trials demonstrating a decrease in influenza',FAKE
"if clinton goes down, loretta lynch will go down with her",FAKE
a victory for ‘white’ america,FAKE
ra-ra-rasputin: russia’s famous love machine gets new biography this fall,FAKE
facebook lets advertisers exclude users by race,FAKE
neon ak-47: how young russian guns celebrate halloween (photos),FAKE
bank of england asks uk banks to detail their exposure to deutsche and italian banks,FAKE
reason of why the fbi reopened clinton investigation decoded,FAKE
hacked robotic leg to blame in london kicking rampage,FAKE
"african migrants in venice reject pasta, demand designer clothes",FAKE
only making matters worse in syria,FAKE
why obama and hillary wanted libya’s gaddafi toppled and killed,FAKE
these new solar panels use sunlight to create clean drinking water from the air,FAKE
un plan for world government,FAKE
surge of migrants illegally crossing u.s.-mexico border ahead of election,FAKE
crude drops 10 percent; price decline just beginning,FAKE
"hillary clinton, the most corrupt politician in history [audio]",FAKE
"dr. duke and reverend dankof on the state of the campaign, the synagogue of satin",FAKE
wikileaks: hillary staffers were happy about killing of black teen to advance gun control “this is great” – american lookout,FAKE
man wielding knife fatally shot outside us embassy in kenya,FAKE
news: shattering the glass ceiling: it is finally acceptable for women to cry at work,FAKE
economic upgrade: russia receives multiple endorsements for rapidly improving business conditions,FAKE
u.s. army veteran: ‘i killed four people in one hour in iraq’,FAKE
toblerone to release weight-loss dvd in time for christmas,FAKE
admiral kuznetsov carrier group saved syria from us cruise missile strikes,FAKE
how to organically take care of your backyard apple tree,FAKE
live - election day coverage 2016     :,FAKE
black american anti-imperialism: an invisible subject for the new york times,FAKE
israeli minister sparks scandal after showing satisfaction for italy's earthquakes,FAKE
what keeps the f-35 alive,FAKE
the lords of capital sic crazy hillary on the world,FAKE
presstv-hezbollah shares aoun’s victory: lebanon fm,FAKE
the wisdom books of the old testament,FAKE
"distracted by election 2016, no-one resisted the deep state’s patriot act 2",FAKE
bellwether? trump kippas outselling hillary yarmulkes,FAKE
cartoon of the day: what lurks in the swamp trump has promised to drain?,FAKE
interview 1222 – new world next week with james evan pilato,FAKE
thank you for being a faggot,FAKE
"finally, my first thread! :)",FAKE
3 states approve recreational marijuana; nationwide is next,FAKE
will lame-duck obama implement more radical agenda items before end of term?,FAKE
jeffrey sewell et al. : metabiology face to face with artificial intelligence [video],FAKE
the political songs of leonard cohen,FAKE
this is why america will get the president it deserves,FAKE
re: hillary falsely claims she was in new york on 9/11,FAKE
don’t despair: why this election is our greatest blessing,FAKE
2 police officers turn in badges in support of standing rock water protectors,FAKE
“they are trying to get you to stay home”,FAKE
average moscow entrepreneur 'survives' only 5.7 years,FAKE
it’s rigged! voters discover shocking mistake on ballots: don’t let this happen to you!,FAKE
leaked: hillary would completely ban the most popular guns in america,FAKE
creepy clown gets pistol-whipped!,FAKE
nsa contractor accused of spying stole real names of us undercover officers,FAKE
hillary clinton will be indicted because of the fbi,FAKE
comment on why do progressives and democrats hate america? by mjazzguitar,FAKE
"david duke, donald trump, and the alt right",FAKE
truth about 9/11,FAKE
trump and roger stone were just ordered to court for voter intimidation tactics,FAKE
halloween pumpkin carving scenes at the hospital | gomerblog,FAKE
5 key revelations for free thinkers to consider after election 2016,FAKE
"oh, what a lovely war!",FAKE
julian assange surfaces - speaks at argentina conference via telephone,FAKE
dog waited faithfully for over a month after his owners left him behind,FAKE
ioc bans 2 russian athletes after positive doping tests from 2012 olympics,FAKE
the 5 biggest threats to humanity exposed,FAKE
soros spends $2 million to defeat arpaio,FAKE
a woman tried to relax her mum with a little vr and it went really badly,FAKE
26 wikileaks bombshells on hillary you need to know,FAKE
melania trump gives speech against cyberbullying – apparently forgets who she’s married to (video),FAKE
"monopoly’s indian version to be launched, real ₹500 and ₹1000 notes to be used",FAKE
doj wants to overturn microsoft v. united states - that would be a disaster for privacy rights,FAKE
report: new york times profit plummets,FAKE
"welcome back to a bipolar world, courtesy of a moscow-beijing-tehran axis - federico pieraccini",FAKE
re: no thanks! michelle malkin slams flotus and hillary’s ‘it takes a village’ reboot,FAKE
"this test will tell if you are an indigo, a crystal or a rainbow child!",FAKE
black lives matter loses: america’s respect for police surges,FAKE
clinton campaign circulated paul ryan relative as possible supreme court pick,FAKE
the militarized police at standing rock is working for this man,FAKE
media roll out welcome mat for ‘humanitarian’ war in syria,FAKE
"the mandela effect was made by one overlooked 33 year old man, an ascended master (video and proof)",FAKE
trump wins florida – needs michigan to win it – can he do it?,FAKE
trump says he’d be ‘neutral’ with israelis and palestinians,FAKE
re: iran backed muslim rebels just launched a major ballistic missile attack directed at mecca,FAKE
french jews urged to rally over unesco resolutions,FAKE
"pentagon say $6.5 trillion dollars is missing, sparking fears of ‘new 9/11’",FAKE
these states just legalized recreational cannabis!,FAKE
"mom has powerful response for haters who say disabled toddler is “less attractive” now that she’s “gained weight""",FAKE
dnc files lawsuit to bar citizen journalists from the polls,FAKE
video: cop crashes car and runs away when more cops arrive,FAKE
clinton campaign blames fbi director for loss to trump,FAKE
two powerful quakes hit italy within hours,FAKE
four common mistakes when burning wood,FAKE
“this quickly escalates into open warfare” – why the government is preparing for post-election chaos,FAKE
boy with autism makes his first friend ever and his mom can’t stop crying,FAKE
the war on unesco: al-aqsa mosque is palestinian and east jerusalem is illegally occupied,FAKE
journalist facing 45 years in jail for filming the tar sands pipeline protest in north dakota,FAKE
the fix is in: nbc affiliate accidentally posts election results a week early: hillary wins presidency 42% to trump’s 40%,FAKE
"tom hayden, courageous warrior for peace",FAKE
fresno state student transitions to a male,FAKE
the source of our rage: the ruling elite is protected from the consequences of its dominance,FAKE
western “culture” is wrecking entire continents,FAKE
why comey reopened the hillary investigation,FAKE
seti officially announce extraterrestrial signals,FAKE
new play vicuña portrays trump in “emperor’s new clothes” tale,FAKE
when will it end? police clash with pipeline protesters,FAKE
sixty killed in new us-saudi war crime in yemen,FAKE
indian counter-terror experience useful for russia,FAKE
5 things you need to know about the dakota access pipeline protests,FAKE
"americaâ€™s wars in the middle east are not â€˜wars on terror,â€™ they are conventional wars of aggression",FAKE
infamous war criminal henry kissinger elected to russian academy of sciences - christof lehmann,FAKE
israeli minister sparks scandal after showing satisfaction at italy's earthquakes,FAKE
thomas frank explores whether hillary clinton and the democratic party will address inequality,FAKE
black voters not turning out for hillary,FAKE
female veterans release anti-trump ad,FAKE
khloe k's photo with new beau has people wondering why she’d post such a glam pic after what happened to kim,FAKE
why trump won; why clinton lost,FAKE
can the american people defeat the oligarchy that rules them?,FAKE
trump’s win — a rebuke to the elites,FAKE
gun control: 4 states vote yes,FAKE
you’re fired!,FAKE
"one of trump’s deplorables escaped from his basket, injuring poll worker in texas (video)",FAKE
the russian media just loves the campaign to demonize putin,FAKE
get ready for civil unrest: survey finds that most americans are concerned about election violence,FAKE
wikileaks list exposes at least 65 corporate ‘presstitutes’ who colluded to hide clinton’s crimes,FAKE
the fbi's clinton investigation is wider than assumed,FAKE
is america on the brink of civil war?,FAKE
"politics over principles: us denies philippines weapons, continues arming saudis",FAKE
we are the battleground!,FAKE
21 things we’ve learned about hillary clinton from wikileaks that the msm won’t share…but you can!,FAKE
10 ways russia is preparing for world war 3- live streaming news coverage,FAKE
julian assange ends the suspense: “the source of hacked emails is not russia”,FAKE
a hillary win will be google’s win of everything,FAKE
new french law makes it illegal to contact employees after work hours,FAKE
re: jedi mind trick? mark hamill to democrats: ‘don’t panic- vote!’,FAKE
missing from hillary clinton’s email: saudis worked with cia to create terror,FAKE
jewish press releases audio tape exposing hillary clinton plotting to rig election,FAKE
donald trump tells veterans he’s ‘financially brave’,FAKE
cnn catches trump making sure his wife votes for him – twitter erupts in laughter (video),FAKE
beijing holds surprise south china sea drills in response to us patrol,FAKE
the us military lied to thousands of soldiers — and now veterans are paying for it,FAKE
the eurasian economic union – a new power in the asia-pacific region | new eastern outlook,FAKE
dems could be up on charges for inciting trump rally violence,FAKE
"comment on selected not elected — rothschilds hold $100,000 a plate dinner fundraiser for guess who by bruce baker",FAKE
"welp, that’s it – show’s over: belgian court rules syrians can receive visa to fly-in to claim asylum",FAKE
"our bad-tempered behaviour is not a cry for help, say old men",FAKE
earth to ammosexuals: nra admits no one is coming for your guns! (video),FAKE
sean hannity shreds fbi director james comey for clearing criminal hillary again – truthfeed,FAKE
resilience in baltimore: a bottom-up example of people taking charge,FAKE
comment on trump considering a military general for vp by marblenecltr,FAKE
donald trump's campaign staff just revoked his twitter privileges,FAKE
flashback: clinton cheered 11th-hour indictment that doomed bush re-election,FAKE
changes in rainfall threaten food production,FAKE
germany bans cultivation of gm crops under eu opt-out law,FAKE
the white house’s overflowing in-box,FAKE
running on the hillary ticket? then let me ask…,FAKE
unprecedented bond dumping means u.s. dollar collapse ahead,FAKE
newly discovered emails relating to hillary clinton case under review by fbi,FAKE
29 of hillary's scandals: the early years,FAKE
"obama faults f.b.i. on emails, citing ‘incomplete information’",FAKE
nukes and the un: a historic treaty to ban nuclear weapons,FAKE
australia legalizes the cultivation of medical marijuana,FAKE
us calls on saudis to end airstrikes against yemen,FAKE
cher finally cracks time travel,FAKE
trump’s walk of fame star smashed with a sledgehammer (video),FAKE
america celebrates: stock market average sets new record for businessman president trump,FAKE
syria as metaphor,FAKE
she drank a gallon of water/day for a month and now she looks 10 years younger,FAKE
crosstalk: hillary’s reckoning?,FAKE
roman catholic archbishop of philadelphia: “i admire the integrity” of muslim women who wear hijab and burqa,FAKE
why the democrats keep losing the congress,FAKE
women should vote with their husbands,FAKE
grammy to go to david foster wallace,FAKE
army says 2-star general committed suicide,FAKE
"unpaid chernobyl veterans, underpaid teachers storm the rada",FAKE
presstv-russia cancels request to fuel ships in spain,FAKE
soros spends millions to unseat sheriff joe arpaio,FAKE
carter: us laying groundwork for raqqah offensive,FAKE
hillary campaign manager gets $7k a month from hillary donor linked to economic collapse,FAKE
how much are your insurance premiums rising? this interactive map will tell you,FAKE
"video : ted cruz stumps for trump, “there’s no division, just unity!” – truthfeed",FAKE
"santa ana to pay $100,000 to pot shop at center of controversial police raid",FAKE
"press tv debate: duff on lebanon, hezbollah and aoun’s presidency (3 videos)",FAKE
louis farrakhan (nation of islam) agrees with donald trump about the need for extreme vetting of muslim immigrants,FAKE
starstruck and party-fanatic: the moral paradox of trump support,FAKE
"iom says 5,238 refugees have died worldwide in 2016",FAKE
morrissey declares brexit “magnificent” win for british democracy,FAKE
the man who spoke softly but carried a big stick,FAKE
"hillary isn’t only one who suffers memory loss, look what bill just did….",FAKE
cancer patients and priests targeted by googles,FAKE
ken adachi – why trump will win,FAKE
gaiaportal: serrated torches cleave the undesired,FAKE
fbi plan b fails: clinton to be next president,FAKE
"syrian refugee with four wives and 23 children ‘claims £320,000 a year in benefits’",FAKE
corporate army smashes dakota barbarians near lucrative pipeline,FAKE
taking a stand: disney will add donald trump to i... | clickhole,FAKE
world war 3 ▲ mr.president #004 ▲ xfrozenlpx,FAKE
dennis kucinich’s extraordinary warning on d.c.’s think tank warmongers,FAKE
aussie woman elly warren raped and murdered in dangerous mozambique,FAKE
rigging the election - video iv: $20k wire transfer from belize returned,FAKE
trump: israel is a ray of hope to the world,FAKE
8 catastrophic signs reveal hillary’s campaign is imploding,FAKE
failed weapons systems cost pentagon $58 billion over two decades,FAKE
"world’s hottest hole: iceland to harness molten magma for electricity, could power 50,000 homes",FAKE
why iranian-american pastor held hostage in iran is voting for donald trump,FAKE
"how to vote no to nuclear weapons, by manlio dinucci",FAKE
military veteran bonus scandal might be much worse than initially reported,FAKE
donald trump claims the election will be 'rigged' — and critics have called that preposterous and dangerous,FAKE
sjws in canada trying to get a prof fired for saying black people are oppressed,FAKE
will weinergate expose darker and dirtier secrets than we imagined?,FAKE
34 reasons this bernie voter will vote trump,FAKE
the left in power: clinton to obama,FAKE
"if you think no other politician talked like trump, here are other 'donald trumps' from america's past",FAKE
megalithic site in india is oldest ancient observatory in south asia,FAKE
breaking: new video exposes clinton “pay to play” and voter fraud,FAKE
the deteriorating situation in ethiopia,FAKE
phew! donald trump knows how to make this election easier for all of us,FAKE
refugee death toll in mediterranean hits record high in 2016: un agency,FAKE
"as hillary stumbles up plane steps, cameras catch what she tried to hide",FAKE
this professor devotes her life to countering dangerous speech. she can’t ignore donald trump’s.,FAKE
western operative baghdadi announces arrival of more terrorists around mosul - russia news now,FAKE
re: splat! potus’ latest obamacare metaphor spits right in americans’ faces,FAKE
oregon occupation fbi informant terri linnell tells why she became a snitch - but is it a lie?,FAKE
"""top five clinton donors are jewish"" - how anti-semitic is this fact?",FAKE
it was the rise of the davos class that sealed americas fate       :,FAKE
rule or ruin,FAKE
cheyenne river sioux chairman brings pipeline opposition to meeting with president obama,FAKE
friend from university is an arse now,FAKE
why hillary clinton will appoint old world nationalists to cabinet positions,FAKE
dutch anti-islam mp wilders to snub hate speech trial,FAKE
watch: how i make my own bread at home with a bread machine,FAKE
"teacher to 11 yr old: 'i can't wait until trump is elected,he's going to deport all you muslims'",FAKE
top black lives matter activist: ‘we will incite riots everywhere if trump wins’,FAKE
whoa! even democrats are now asking what’s the difference between bill clinton and bill cosby,FAKE
renaming items on antiques roadshow makes a huge improvement,FAKE
71 rare and exclusive pictures of the royal kids,FAKE
uncollected pallet wondering what it did wrong,FAKE
"trump received by massive crowd in albuquerque, new mexico",FAKE
#2816: clinton pride’s 8(a) pig farm bridge – serco zulu server snuff –soros's patented voter key,FAKE
hubble has just spotted mysterious ‘plasma balls’ of unknown origin,FAKE
omg! video of michelle obama’s angry tirade against hillary went viral overnight,FAKE
sources say weiner ready to sail huma and hillary down the river – truthfeed,FAKE
fbi cops out on pressing charges against hillary,FAKE
the devil you know will drag us through hell,FAKE
why palestinians want to sue britain: 99 years since the balfour declaration,FAKE
life: 20 ways they truly were ‘the greatest generation’,FAKE
police departments refuse participation in dakota access pipeline crackdown,FAKE
republican senator launches disgusting racist attack on veteran challenger,FAKE
wikileaks: iceland kick fbi out of the country,FAKE
"saudi warplanes repeatedly bomb yemen prison, killing 60",FAKE
"team clinton: let’s talk about russia, not the wikileaks emails",FAKE
4 more emotions men should master,FAKE
united states and its western allies are to blame for failure of latest ceasefire,FAKE
22 signs that you are embodying your higher self,FAKE
france’s far-right national front seeks funding from united arab emirates,FAKE
re: are there 4 million dead voters waiting to elect hillary clinton?,FAKE
volunteers succeed at eliminating food waste and hunger,FAKE
realism about the jihad threat in oklahoma,FAKE
35 delicious ways to eat chia seeds everyday,FAKE
nonduality and the consciousness of 'things' - thich nhat hanh,FAKE
hillary clinton speaks to the dead for ‘therapeutic release’,FAKE
these blast points on hillary's campaign... only the deep state is so precise,FAKE
baby with down syndrome lands modeling gig,FAKE
the iraqi christians who are struggling to survive after isis,FAKE
fbi director comey asks president putin: “is anthony weiner yours?”,FAKE
burnt homes and broken promises: the jungle evicted,FAKE
10 tips to improve your life #117,FAKE
leaked bombshell: the shocking truth about hillary that huma abedin has concealed for years,FAKE
"when liberals attack: crazed crooked hillary supporter attacks tea party in saint augustine, fl",FAKE
wikileaks: clinton foundation’s ‘pay-to-play’ with ukraine oligarch to show support for coup,FAKE
syria update: russia negotiating with turkey to withdraw jihadis from aleppo,FAKE
venezuelans facing severe food shortages and malnutrition turn to urban farming,FAKE
water protectors face off with police #nodapl,FAKE
senior preparedness: what types of food to store?,FAKE
russian warships denied fuelling stop in spain after concern from nato,FAKE
huma abedin: “i have no idea how the emails got on weiner’s computer”,FAKE
"when the fbi has a phone it can’t crack, it calls these israeli hackers",FAKE
"martians invade, humanity too embarrassed to take them to our leader",FAKE
new isis video threatens putin while russian child executioners execute 4 men,FAKE
"dead muslims society will sue to force small massachusetts town to allocate space for 16,000 dead muslims",FAKE
"ammon bundy’s lawyer tackled, tasered by u.s. marshals in a surreal ending to the oregon standoff trial [w/ video]",FAKE
the working class won the election — paul craig roberts,FAKE
watching paralyzed musicians play music with their minds is the therapy you need today,FAKE
"clinton, trump both promise hands off social security",FAKE
russia and syria warn about us shifting isis from mosul to battle assad,FAKE
"comment on in light of recent attacks on police, white house considers re-militarization of american cops by topdog1",FAKE
1000s of nato troops train in adazi (latvia),FAKE
russia puzzled by norways decision to host us marines,FAKE
the glorious new pc nfl starts next monday!,FAKE
demo derby in venezuela: the left’s new freewheeling politics,FAKE
comprehensive international resolve key to terror fight: iran fm,FAKE
aids epidemic in russia: 'crocodile' addicts of the 1990s to blame?,FAKE
powerful docudrama 'the hidden rebellion' exposes christian persecution under french revolution,FAKE
"violent libs try to attack trump’s star again, find fearless homeless man guarding it",FAKE
danger: gold/oil ratio at levels last seen during the great depression!,FAKE
the illuminati documentary skull and bones,FAKE
7 not-so-secret homes of super secret societies,FAKE
trapped panelists evacuated from times now studio after arnab quits,FAKE
watch: 60 minutes full interview with president-elect donald trump – magafeed,FAKE
"watch: police viciously attack, arrest peaceful protesters at dapl including children and the elderly",FAKE
98% of public now ‘really looking forward’ to brexit arguments with relatives over christmas dinner.,FAKE
"syrian mother: islamic state baked christians, ‘kneaded’ children in bakery machines",FAKE
jason chaffetz just got hit with an ethics complaint for fbi hillary smear campaign,FAKE
comment on trump’s speech to new world order! by debbie menon,FAKE
what is comey up to and who is he working for?,FAKE
fighting ghost fascists while aiding real ones,FAKE
"social media blackout? fbi emails are not ‘trending’ on twitter, facebook, buzzfeed, or snapchat",FAKE
ny elementary school calls off mock election because students were chanting “trump” and “we don’t want muslims here”,FAKE
trump calls for teaching ‘patriotism’ in schools,FAKE
mantracker: how to be one and how to avoid one: “the hunter can become the hunted at any time”,FAKE
nypd source: we have enough evidence “to put hillary & her crew away for life”,FAKE
how crooked hillary’s “fixer” destroyed bill clinton’s women,FAKE
power grid vulnerability/ dreams & music,FAKE
australia to hunt down anti-vax nurses and prosecute them for disobeying the medical police state,FAKE
hoax tweet leads to street riots,FAKE
"500,000 people sign petition asking electoral college to pick clinton as president instead of trump",FAKE
us votes 'no' as un adopts landmark resolution calling to ban nuclear weapons,FAKE
united nations finally acknowledges us-backed rebels in syria are murdering civilians,FAKE
"no, russia is not ‘isolated’ or the ‘enemy’",FAKE
juror explanation for ammon bundy verdict,FAKE
stanford rape survivor pens moving essay about life after the trial,FAKE
pence plane scare,FAKE
california & massachusetts just legalized recreational cannabis,FAKE
inside ‘bill clinton inc.’: hacked memo reveals intersection of charity and personal income,FAKE
classified material found in emails between clinton and abedin,FAKE
comment on jeff rovin: clintons paid me to ‘fix’ their sex scandals by christian zionist,FAKE
colorado radio station’s paul martin interviews dave hodges on election fraud and standing rock,FAKE
obama rising in the west: the antichrist,FAKE
man searching for unbiased review of adhm and shivaay on internet ends up exhausting data pack,FAKE
i envy you,FAKE
370 economists sign letter urging america not to vote for donald trump,FAKE
the ‘p’ in pbs should stand for ‘plutocratic’ or ‘pentagon’,FAKE
comment on links 11/6/16 by susan the other,FAKE
trump’s prospects improve,FAKE
must see documentary on the july 2016 turkish coup (video),FAKE
hillary clinton enjoys solid lead in early voting: reuters/ipsos poll,FAKE
the catholic church uses tax-exempt funds to stop marijuana legalization,FAKE
here’s a summary of the engineered us election chaos with a positive perspective,FAKE
stevie wonder disses trump: voting for him is like asking me to drive,FAKE
melting glaciers in bolivian andes leave communities at risk,FAKE
fbi director says he won’t clarify his misleading clinton email letter until after election,FAKE
russia strikes with its new hypersonic missile,FAKE
european: “america – the whole world is counting on you.” his pro-trump video is getting brigaded,FAKE
new male birth control method tested - the onion - america's finest news source,FAKE
breaking : hillary clinton had her maid print classified information – truthfeed,FAKE
a superpower rises: from the implementation of tsardom to the congress of vienna,FAKE
"meet the hitler of congo, who unleashed new horrors on the african continent",FAKE
sickening hillarist spics attack kindly negress trump-star defender,FAKE
hollande set to lose french presidency after complaining ‘there are too many immigrants’,FAKE
parents have only 2 hours to show dying newborn what a lifetime full of love looks like before it’s too late,FAKE
video : cnn buffoon wolf blitzer begs trump team to stop attacks on media – truthfeed,FAKE
henry kissinger becomes member of the russian academy of sciences,FAKE
nomi prins: broadcast interview – available now,FAKE
low-cost wind turbine to power an entire house for a lifetime starts selling in india,FAKE
"media blackout as hundreds of black teens attack temple u. students, police, a horse",FAKE
"[watch] fbi re-opens hillary investigation, trump immediately does this",FAKE
many americans still trying to decide on shiniest turd,FAKE
the war on unesco: al-aqsa mosque is palestinian and east jerusalem is illegally occupied,FAKE
hundreds of armed police descend on water protectors trying to reach dapl site,FAKE
the political era of climate refugees,FAKE
hillary’s crime family: end of days for the u.s.a,FAKE
confronting china: an interview with john pilger,FAKE
"meet the neocons, 9/11 criminals and goldman bankers on team trump : the corbett report",FAKE
8 signs the world is undergoing a paradigm shift,FAKE
"now five fbi field offices are probing clinton charity, adding fuel to the fire",FAKE
did you know donald trump predicted hillary clinton’s downfall would be caused by huma abedin more than a year ago?,FAKE
wife of muslim jihadist who killed and wounded over 100 in orlando nightclub massacre says she “knew nothing”,FAKE
"british banker took 60g of cocaine while torturing & killing prostitute, court told",FAKE
"breaking trust, breaking the bank - the inside story of russia's biggest bank robbery - john helmer",FAKE
iraq bans alcohol,FAKE
"don kates, the igniter of the second amendment movement, passes",FAKE
the email controversy sparking protests in south korea,FAKE
hillary clinton email: we must destroy syria for israel,FAKE
"black agenda report for week of oct 31, 2016",FAKE
the daily traditionalist: speaking of independence,FAKE
progressives find ‘white trash’ more threatening than nuclear war,FAKE
do canadian taxpayers know they are funding welfare for polygamous muslim migrant families with up to 4 wives and countless children?,FAKE
"halloween is coming, vladimir putin isn’t",FAKE
hillary promises end to violence through civilian disarmament,FAKE
our landfill economy,FAKE
russia stops shipping soyuz space rockets to france,FAKE
this is the man militarized police at standing rock are working for,FAKE
transforming hope into reality for patients of drug-resistant tb,FAKE
skype sex scam – a fortune built on shame,FAKE
clinton campaign was warned that turkey’s erdogan was attempting to buy favor,FAKE
us and allies openly massing huge army on russian border!,FAKE
punishment is violent and counterproductive,FAKE
10 money-saving tips,FAKE
raven-symoné latest host to leave 'the view'—and disney couldn’t be happier to welcome her home,FAKE
watch: aide rushes toward hillary after seeing she’ll need to step up onto platform,FAKE
comey’s october surprise blows up in his face as democrats drop the hammer on fbi boss,FAKE
latest wikileaks dump exposes what dems have always believed — that black voters are stupid,FAKE
emperor octotrumpus™ appoints special prosecutor to take down snl,FAKE
trump to deploy melania for major speeches… could be surprise giuliani promised,FAKE
"show a film, end up on a watch list - counterpunch",FAKE
breaking: emergency call to action at standing rock as police violently attack prayer ceremony,FAKE
"the healing plant: medical marijuana, hemp, and cannabis oil",FAKE
welcome to the trump world order      : information,FAKE
breaking: fbi reopens investigation into clinton emails,FAKE
cnn’s sally kohn freaks out when betsy mccaughey proves voter fraud exists,FAKE
un: all sides in aleppo may be committing war crimes,FAKE
exploding e-cigarette engulfs man in flames on cctv footage,FAKE
david frum: hillary is a patriot who will protect the constitution,FAKE
have you heard? scientists now growing human ears from apples,FAKE
report: fbi to move to “likely indictment” of clinton foundation,FAKE
how well the arab world is taking trump’s victory | new eastern outlook,FAKE
john oliver: america’s increasingly segregated schools are ‘very rarely equal in any way’ (video),FAKE
how to support standing rock and confront what it means to live on stolen land,FAKE
why hillary won't unleash world war iii - pepe escobar,FAKE
fda found manipulating the media in favor of big pharma,FAKE
clown porn searches up 213%,FAKE
you could be unknowingly killing the hummingbirds! (here’s how to save them),FAKE
hillary clinton tells host of show on univision that mexican food is her favorite,FAKE
"fbi found ""tens of thousands of emails"" belonging to huma abedin on weiner's laptop | redflag news",FAKE
spirit to thank veterans at annual veterans day parade,FAKE
leaked email: hillary admits that clinton donors are funding isis,FAKE
rise of the alt-right,FAKE
selective outrage over splc’s 'anti-muslim extremist list',FAKE
huma’s weiner dogs hillary,FAKE
she sits down next to a giant wolf. watch the moment when their eyes meet,FAKE
us moving isis fighters from iraq to syria to topple assad,FAKE
erste bank open: murray beats klizan 2-1,FAKE
comment on khizr khan specializes in programs selling us citizenship by thomas moloian,FAKE
std infection rates reach all-time high in the united states,FAKE
german defense minister warns donald trump to stay away from russia and commit full to nato,FAKE
criminal minions caught pushing voter fraud to get hillary elected,FAKE
obama's doj hasn't approved warrant for fbi of new hillary emails,FAKE
tim kaine cheers end of white majority in spanish address,FAKE
uci picks iran outfit as best cycling team in asia,FAKE
joint way forward deal does not lead to peace or progress for afghans,FAKE
answers to the test: the cosmic cheat sheet | opinion - conservative,FAKE
"florida’s “deceptive” solar initiative, backed by utilities companies, loses support",FAKE
putin just exposed us election rigging by trolling the state dept. in the most hilarious way,FAKE
russia reveals chilling first images of super-nuke ‘satan 2’ which has ‘power to devastate area size of texas’,FAKE
"wall street journal begins layoffs, cuts sections",FAKE
23 things to do to improve your mental health,FAKE
wikileaks list exposes at least 65 corporate ‘presstitutes’ who colluded to hide clinton’s crimes,FAKE
wow! trump ties hillary to pervert anthony weiner in new ad (video) – american lookout,FAKE
two more hollywood films for men that leave today’s sjw movies in the dust,FAKE
six nato nations eager to increase black sea presence - stoltenberg,FAKE
will loretta lynch actually press charges against hillary? | the federalist papers,FAKE
how will clinton – comey affect gold prices?,FAKE
trump melts down and accuses the us postal service of stealing the election for clinton,FAKE
"james comey to be taken out, knows too much about clintons",FAKE
uk economy grows 0.5% in three months after brexit vote,FAKE
more on why you believe what you believe: sugar | economics and politics,FAKE
losing trump tries to fool voters with last ditch media propaganda scam,FAKE
new comment features have been added,FAKE
world war 3: putin declares norway an ‘enemy’ of russia,FAKE
rigging the election – video iv: democrat operatives willfully accepting illegal foreign donations,FAKE
trump tsunami incoming: what trump did in florida today will make him president!,FAKE
captagon – the drug of choice for western-backed islamic rebels,FAKE
donald trump rushed off staged after major security event at reno rally,FAKE
hillary caught on tape paying halfway house patients $300 to vote for her,FAKE
obama's victory lap?,FAKE
marks and spencer to turn high street stores into bingo halls,FAKE
germany urged to pause on syrian escalation,FAKE
montenegrin pm resigns shortly after suggesting russia behind alleged coup plot,FAKE
the end of interventionism?,FAKE
fda to withdraw 2 generic adhd drugs after determining they have no therapeutic effects,FAKE
65 usa ‘journalists’ at dinner with hrc’s team and john podesta,FAKE
mother earth gaias death wish confirmed by science,FAKE
scientists discover exactly when a woman's sex drive declines,FAKE
bundy brother acquittal trolled in the most hilarious way on craigslist,FAKE
the ossetians: from nomads and warriors to the artists of the caucasus - anastasia stepanova,FAKE
i’m running out of popcorn – harvey organ,FAKE
"to all undecided voters, view this:",FAKE
putin asks: “is america now a banana republic”,FAKE
pope: 'god promised the land to people of israel',FAKE
comment on 10 movies that could change your understanding of life by 10 movies that could change your understanding of life - upside down media,FAKE
"israel settlements legal, trump aide says, playing anti-iran video message on mount zion",FAKE
"anonymous hacker deric lostutter faces 16 years in prison, while steubenville rapists walk free",FAKE
the clinton syndrome,FAKE
edm dj smokes dmt and realizes his music sucks,FAKE
scary cases of ghosts and demons,FAKE
"revealed: trump’s financial backers paid a playmate $150,000 in hush money to hide affair",FAKE
"cranberry juice does not prevent urinary tract infection, new study finds",FAKE
sleeping with a weighted blanket could help insomnia and anxiety | underground health,FAKE
top british general warns of nuclear war with russia; “the end of life as we know it”,FAKE
open thread 2016-37,FAKE
why we wait for the future,FAKE
here’s what happens in your brain when you lie,FAKE
japan’s population declines in 2015 for first time since 1920,FAKE
the left’s vision,FAKE
why russia’s army can’t complete its modernization program,FAKE
zerocash: a cryptocurrency’s deep state ties,FAKE
comment on will the cost of a “self-driving taxi” really be sixty-seven cents ($0.67) a mile? mckinsey’s mysterious footnote 17 by jtmcphee,FAKE
"guy fawkes, the gun powder plot & how false flags have shaped history",FAKE
hillary clinton has brain damage confirmed by abedin and podesta,FAKE
"fighting racism where white workers are hurting, too",FAKE
"isis, al-qaeda and the “moderate rebels” are fighting together in aleppo",FAKE
saudi warplanes continue massacring civilians in yemen,FAKE
"trump called edward snowden a traitor, implied he should be executed",FAKE
is it possible that saudi king be tried in us courts by jasta law?,FAKE
unesco passes anti-israel resolution despite tel aviv brickbats,FAKE
drone restrictions can help peaceful protesters combat injustice,FAKE
"the oil-gas war over syria, in maps",FAKE
why sprott believes gold bullion is a mandatory portfolio asset,FAKE
trump gets dumped on instagram by supermodel gisele bündchen (video),FAKE
unidentified (muslim?) ‘knifeman’ on the run after stabbing four people at a frankfurt train station,FAKE
legend of the brave buffalo; thousands of wild american bison appear at standing rock.,FAKE
military veteran: standing rock is the first time i actually fought for the people,FAKE
pravda.ru signs agreement with largest news agency of azerbaijan,FAKE
monday newspaper headlines assert administration line: hillary exonerated!,FAKE
hillary busted holding closed door meeting with florida elections director in possible voter fraud scheme – truthfeed,FAKE
"president putin: russian federation supports jammu and kashmir's right of self-determination, indian army acts as ruthless bandits",FAKE
spirit cooking: the most disturbing podesta email yet? (warning: graphic content),FAKE
here’s what would happen if hillary clinton were indicted or stepped down,FAKE
iraqi car bomb jaw-dropping crisis actor fakery caught on video,FAKE
sanders’ democrats call for change,FAKE
phony ‘corruption’ excuse for ukraine coup,FAKE
"“sometimes bill and hillary have the worst judgment”: wikileaks releases part 22 of podesta files; 36,190 emails total",FAKE
#2818: serco's zulu bridge to mumbai pig farm – clinton 8(a) patent – obama visa 9/11 snuff,FAKE
devastating wiki leaks show scope of clinton cover-up [video],FAKE
the 2016 us election and the crisis of the two-party system,FAKE
peter thiel’s national press club speech…,FAKE
proven link between soros and the voting machines used in america | survival,FAKE
26 wikileaks bombshells on hillary you need to know,FAKE
both trump and clinton went to jeffrey epstein’s sex slave island.,FAKE
prepare for the “credible” threats on election day,FAKE
mi5 chief presents russia as growing threat to british interests,FAKE
president-elect donald trump eyes ovala office with plans to erase barack obama’s achievements,FAKE
"europe on eve of banking armageddon which will dwarf 2008 global crash, warns expert – how does this affect you?",FAKE
contaminated food from china now entering the u.s. under the 'organic' label,FAKE
dennis kucinich channels smedley darlington butler,FAKE
“hillary is a real christian” says michael moore,FAKE
the democratic debacle – the day after,FAKE
world war 3 alert putin exposed america’s secret plans for russia & supports trump,FAKE
sailer in takimag on the uva rape hoax: “sabrina rubin erdely’s malice in blunderland”,FAKE
george soros hacked: look what was found on his computer…,FAKE
anonymous: hillary could be in handcuffs in 72 hours!,FAKE
trump: hillary clintons policy for syria would lead to world war three,FAKE
girl put aluminum foil after washing her hair and she delighted the best hairdressers of the world,FAKE
japan’s lost black hole satellite took this last photo. proves something mind-boggling!,FAKE
76ers send clear message over anthem singer's shirt: keep politics off the court & just do your job,FAKE
putin being framed at un for war crimes in syria explained,FAKE
blum’s anti-empire report: a collection of thoughts about american foreign policy. how will the us empire end?,FAKE
"syrian war report – november 1, 2016: syrian military deploys advanced t-90 battle tanks to aleppo | the vineyard of the saker",FAKE
u.s. trucking companies slash fleets amid “tepid shipping demand”,FAKE
"watch: uk reporter rips cnn, calls them “clinton news network”",FAKE
a mr. clark kent arrested for public phone box indecency. more soon.,FAKE
study: running linked to extended lifespan and brain repair,FAKE
top aide to hillary clinton urges the fbi to disclose what it knows about trump's russia ties,FAKE
mufon international tracking multiple triangle ufo reports,FAKE
"last majority white election, minorities to give democrats white house through 2060",FAKE
wikileaks shocker: clinton camp considering paul ryan relative as supreme court nominee,FAKE
conference calls for greater diversity in rap music,FAKE
occult expert breaks down wikileaks exposed clinton campaign satanism – truthfeed,FAKE
hillary clinton exposed classified docs to foreign maid,FAKE
breaking: police catch iowa man who executed two officers – and he’s a trump deplorable | if you only news,FAKE
"130,000 americans demand to forbid soros manipulate elections",FAKE
lifelong dream no match for first brush with adversity - the onion - america's finest news source,FAKE
us accuses china of stealing plans for future war,FAKE
21 most dangerous islands in the world,FAKE
america’s most popular ‘legal’ drug is responsible for 25% of all cancer,FAKE
beyond voting: the limits of electoral politics,FAKE
russian theatre cancels jesus christ superstar after ‘blasphemy’ accusations,FAKE
the establishment’s massive ‘intelligence failure’,FAKE
doug casey: a civil war could be in the cards after the election,FAKE
are we on the eve of total life extinction?,FAKE
"russian, us jets in ‘near miss’ over syria",FAKE
trump wrote a book about sexually assaulting women and casual racism,FAKE
"the people voted for a military coup, says theresa may",FAKE
will the real donald trump please stand up?,FAKE
"samantha bee: who gives a f**k about trump, the ‘dauphin of breitbartistan’ (video)",FAKE
comment on what is causing the strange trumpet sounds in the sky all over the world? by mr.randy douglas miller,FAKE
the top 100 most damaging wikileaks,FAKE
"tomgram: nomi prins, too big to fail, hillary-style",FAKE
the trump effect: jack in the box and obama's change,FAKE
dakota access pipeline protesters occupy hillary clinton campaign hq,FAKE
the hostility and hypocrisy of left-wing israeli ngos,FAKE
uk doctors create list of procedures you don’t need,FAKE
this collage of corrut presstitutes making fools of themselves is a keeper,FAKE
david duke on cnn,FAKE
"within the walls of this suburban polling place, i am god - the onion - america's finest news source",FAKE
a judge just declared trump’s new hotel bankrupt,FAKE
proof that 100 years of voting for the “lesser evil” gave us trump and hillary,FAKE
"""dumped on prom night"" hillary's election night meltdown",FAKE
"cnn is officially rigging the election for clinton, all credibility lost",FAKE
3 more emotions men should master,FAKE
alabama’s last execution was an atrocity,FAKE
saudi arabia to behead disabled man who peacefully protested,FAKE
being crazy in a sick society is actually healthy,FAKE
"media outlets pledge evenhanded criticism of trump, clinton over next 4 years - the onion - america's finest news source",FAKE
"fearing tomorrow’s wikileaks bombshell, clinton campaign begins denying before it’s released",FAKE
pennsylvania governor ignores fracking health risks to children,FAKE
the truth about atlantis [video],FAKE
world war 3 alert new world order is coming warning to usa,FAKE
trump vs. the real nuts—the gop/ “uniparty” establishment,FAKE
what if….,FAKE
clintons are under multiple fbi investigations as agents are stymied,FAKE
from higher ed to political indoctrination,FAKE
over 500 russian and egyptian troops train to kill terrorists (photos) - boris egorov - russia news now,FAKE
comment on 7 photos that capture shocking differences in social classes (images) by para para dinle,FAKE
"clinton, comey and the e-mail scandal: is there a rebellion at the fbi?",FAKE
"pentagon lied to re-enlist soldiers, thousands to repay bonuses",FAKE
leaked email shows monsanto executive v.p. invited to 'hillraiser' fundraiser to put clinton into the white house for monsanto's benefit,FAKE
are women treated differently for pain,FAKE
fbi director just got hit with federal complaint for hillary witch-hunt,FAKE
"nsa whistleblower says dnc email hack was not by russia, but by us intelligence | alternative",FAKE
11 stupid things vox.com's matthew yglesias has said | daily wire,FAKE
nbc reports u.s. prepping possible false-flag cyber-attack election day,FAKE
russian researchers discover secret nazi military base ‘treasure hunter’ in the arctic [photos],FAKE
"lisa murkowski camp spends $240,000 on steak dinners for special interest friends",FAKE
practicing direct compassion,FAKE
world in fear of trump following through. hopefully no more soon.,FAKE
#loudonclear: tonight’s special guest tim burton,FAKE
"comment on sjws outrage over leonardo dicaprio ""white rumi"" role unfounded, iranian explains why by ztech",FAKE
trump wins in historic anti-establishment uprising; will he deliver?,FAKE
19 most mysterious things ever photographed on mars,FAKE
murder inc. in the white house; obama’s drones for breakfast club,FAKE
us and israeli lawmakers want pakistan to be declared as terrorist country,FAKE
"american dream, revisited",FAKE
"trump's hollywood star vandal outs himself in shameless new video, taunts police seeking him out",FAKE
"dan savage on trump’s misogyny: ‘if gay was a choice,’ trump would be (video)",FAKE
live: hillary clinton addresses nation for first time following presidential race,FAKE
women employees line up to kiss chinese boss,FAKE
a trump fan just put hillary in an electric chair on his front lawn,FAKE
swedish outrage as muslim colonizers get preference for housing while native swedes are out in the cold,FAKE
how secure is your cellphone ??,FAKE
"his fans are calling trump brave, but here’s how hillary faced down man who stormed stage (video)",FAKE
russia preparing for nuclear world war iii with nato usa breaking news november 5 2016,FAKE
"donald trump’s final rally: grand rapids, mi 11/7/16",FAKE
battles for senate lead to ‘precipitous rise’ in cloaked money spending,FAKE
must read of the day – dennis kucinich’s extraordinary warning on d.c.’s think tank warmongers,FAKE
30+ crazy japanese inventions that are… simply awesome? (part 2),FAKE
comment on predetermined vote counts show nov. 8 presidential election is rigged in favor of hillary clinton by anonymous,FAKE
‘trump unveiled’ reveals the big con of donald trump’s presidential run,FAKE
"russia refuses to let in muslim ‘refugees’, says middle east needs to solve its own problems!",FAKE
cnn exposed: using own camera-man for story as trump protester,FAKE
paul craig roberts: trump faces assasination,FAKE
hillary’s watergate?,FAKE
destruction of walk of fame star leaves donald trump down to his last six horcruxes,FAKE
"insider leaks bill’s 2-word nickname for hillary, exposes dirty bad habits",FAKE
is hillary panicking over the fbi and weiner emails?,FAKE
breaking: we have proof that hillary clinton rigged half the voting machines in america!,FAKE
life: 7 incredible animal mating rituals,FAKE
gop cites success in limiting voter fraud,FAKE
johnson & johnson loses yet another multimillion dollar case over baby powder,FAKE
federal judge: “where are the christians”?,FAKE
time:god,FAKE
syria - waiting for the next moves,FAKE
art cashin: broadcast interview – available now,FAKE
"unbrexit! parliament must vote on triggering article 50: the 9 funniest, most ironic reactions",FAKE
someone just donated $2.5 million to bail out everyone arrested at standing rock,FAKE
russia unveils update of advanced nuclear weapon,FAKE
re: did america really pass the test? – hillary clinton is going to win the popular vote by a wide margin,FAKE
what just happened at a tim kaine rally is bad news for hillary,FAKE
"lesson learned? goldman sachs says not to expect ""brexit-type surprise"" on nov. 8",FAKE
us government and the clinton female: come to the psychiatrist's couch,FAKE
the biggest supermoon since israel became a nation in 1948 will happen 6 days after the election,FAKE
humiliated hillary is swarmed by trump supporters at a florida early voting location – truthfeed,FAKE
"robert scheer and amy trask discuss gender, race and profit in the world of professional sports",FAKE
"germany: “we are somali muslims, we don’t have to pay”",FAKE
the director of the fbi reopens the hillary case — paul craig roberts,FAKE
south africa to withdraw from international criminal court · guardian liberty voice,FAKE
"‘we never denied israel’s right to jerusalem, temple mount’",FAKE
trump’s gettysburg address against the new world order,FAKE
clonmel youth call for apology after cat autopsy reveals hit and run,FAKE
ho’oponopono: healing for ourselves & our world,FAKE
iraqi volunteer forces to help syria fight terrorists,FAKE
trump would have beaten obama in 2012,FAKE
"‘monster vote’ is happening, early voting poll numbers you can’t know",FAKE
us in danger of losing allies in asia,FAKE
hungry venezuelans strike against maduro regime,FAKE
george soros wants to create color revolution in southeast asia,FAKE
creativity: the art of doing and not doing,FAKE
why every man must take control of his finances,FAKE
nato pushing east amid mounting tensions with moscow,FAKE
life: 6 robot street performers that refused to break character for a fucking second and tell me if they had seen my son,FAKE
comment on professor who tweeted against pc culture out at nyu by japoa,FAKE
trump fans rally in jerusalem,FAKE
child dressed as ghost accused of islamification of halloween,FAKE
long-term effects of the presidential election,FAKE
"over 20 injured, almost 40 detained in venezuelan opposition protests",FAKE
anthony weiner-huma abedin marriage is like the de facto israel-saudi arabia alliance,FAKE
freedom rider: dump the democrats for good,FAKE
trump and the power of money | the vineyard of the saker,FAKE
paul craig roberts: 'putin's nukes could wipe out entire east coast' (podcast) - tyler durden,FAKE
"israel settlements legal, trump aide says, playing anti-iran video message on mount zion",FAKE
ron paul on isis: mortal threat or paper tiger?,FAKE
two powerful earthquakes strike central italy,FAKE
us military prepares to shut down russia’s internet if it hacks the election,FAKE
"ok, it’s over – we finally know the truth about trump’s word ‘bigly’ (video)",FAKE
fema ‘area emergency tests’ broadcast just before election,FAKE
study: phytochemical found in broccoli and cauliflower attacks prostate cancer cells,FAKE
charity paid for chelsea’s wedding! clinton foundation fraud [video],FAKE
german ministry wants migrants returned to africa: report,FAKE
aleppo fighters demand $300 for exit via humanitarian corridors,FAKE
uk police continue search for missing paul pogba,FAKE
iraq ‘ready for war’ with turkey over who should control mosul after isis,FAKE
churkin: kiev lacks the humanity and courage to apologize to donbass,FAKE
"assange predicts trump will lose, accuses clinton campaign of trying to hack wikileaks",FAKE
rwnj says trump didn’t grope women because ‘he’s one of the handsomest billionaires that’s ever lived’,FAKE
why palestinians want to sue britain: 99 years since the balfour declaration,FAKE
moveable feast cafe 2016/11/04 … open thread,FAKE
democrats should ask clinton to step aside,FAKE
sanders asks obama to intervene in dakota access pipeline dispute,FAKE
cahill vs. kalma debut album available now!,FAKE
obama's weighs options for his final stab at israel,FAKE
new lawsuit challenges efforts to stamp out african-american vote in nc,FAKE
evil mum kept young son in closets for 3 years before he died,FAKE
"colonial gas pipeline explodes in shelby county, alabama - live stream",FAKE
breaking: obama now considering martial law because of mass riots | conservative daily post,FAKE
gold prices on the way to all-time highs,FAKE
"democrats contaminate cliven bundy jury pool with 700,000 mailers falsely connecting him to las vegas cop killers",FAKE
history of vitamins: why mainstream rails against them as “quackery” (watch),FAKE
god has chosen trump,FAKE
aper releasing the arrivals,FAKE
u.s. elections shockwaves hit europe,FAKE
donald trump elected 45th president of the united states,FAKE
liberty or state control? you decide,FAKE
$70 million awarded to woman with ovarian cancer due to baby powder usage,FAKE
"monsanto behind 4-years-in-the-making, failed peace deal in colombia",FAKE
reports of potential voting trickery in 2016 presidential election (video),FAKE
"report from the refugee camp in calais, france: “the jungle”",FAKE
texas official bombshell… massive group of trump voters pollsters didn’t know about,FAKE
moscow culture department to offer lecture series for expats,FAKE
solving the debt crisis,FAKE
caught on tape: isis destroys iraqi abrams with anti-tank missile,FAKE
refugee manhunt after family found in freezer in denmark,FAKE
russia and turkey now sharing intelligence data,FAKE
hillary and bill clinton: the «bonnie and clyde» of american politics,FAKE
"here’s why everyone on facebook is checking into standing rock, north dakota",FAKE
iran’s latest propaganda tool: the clinton-trump debates,FAKE
iceland’s pirate party to make history and win election,FAKE
israel makes ‘hail mary’ move to influence us election – fbi commit treason?,FAKE
a vote for warmonger hillary clinton is a vote for world war 3,FAKE
"gary johnson goes zombie, tries to bite reporters",FAKE
the quantum theory on mind-body connection,FAKE
"breaking: federal election commission now involved, massive fraud | endingfed news network",FAKE
sex and the presidential city,FAKE
"yes, virginia (dare), there are righteous jews for trump.",FAKE
here is why the trump administration will be a force for peace - james p. pinkerton,FAKE
the harrod’s website has some hilariously posh titles in their [mr/ms] drop down box,FAKE
ewao hubble has just spotted mysterious 'plasma balls' of unknown origin,FAKE
top radio host michael savage: “we’re being invaded right now”,FAKE
bigger quake strikes italy (m6.6) | s0 news oct.30.2016 [video],FAKE
"the u.s./turkey plan for “seizing, holding, and occupying” syrian territory in raqqa",FAKE
valentin katasonov: america is in agony and trump is the doctor,FAKE
artificial intelligence system predicts trump victory,FAKE
the powerful act immoral as they also suffer from herd mentality,FAKE
say goodbye! these 23 hollywood celebs threatened to leave the u.s....let's hold them to it! » 100percentfedup.com,FAKE
boom! math shows trump would have beaten obama in romney-obama election » 100percentfedup.com,FAKE
"russia, india will expand military cooperation with focus on navy projects | russia & india report",FAKE
"emma watson urges us women to consider gender equality nov 8, gets massive wake-up call on facebook",FAKE
comment on rachel maddow declares that a trump presidency could have radical effects on her chosen profession by anonymous,FAKE
“billionaire” donald trump’s presidential campaign is flat out broke,FAKE
"putin: no difference between clinton, trump",FAKE
the dark agenda behind globalism and open borders,FAKE
prep blog review: 18+ tips for healthy preppers,FAKE
u.s. election thread 2016-06,FAKE
"‘go away, you shouldn’t be here. don’t come back’: the corner of yorkshire that has almost no white residents",FAKE
break out of the illusion,FAKE
treason: clinton sold state secrets to middle east via huma abedin,FAKE
comment on ag lynch told fbi director comey not to go public with the new clinton email investigation by ann tenna,FAKE
democrats begin search for candidate who knows how to use email,FAKE
what's wrong with the planet? saudi arabia to be reelected to un human rights council,FAKE
new moon in scorpio: making a calculated effort,FAKE
juror in oregon militia trial dismissed for bias: judge,FAKE
the globalization of media: a failing strike force,FAKE
episode #160 – sunday wire: ‘hail to the deplorables’ with special guest randy j,FAKE
quiz: do you have what it takes to be yoda’s live-in caretaker?,FAKE
boosting levels of glutathione with n-acetyl-cysteine may prevent metabolic declines associated with aging,FAKE
daily news brief: vote rigging down in texas and the fight to save globalism,FAKE
us not ruling out daesh involvement in afghanistan offensive,FAKE
comment on unprecedented letter from chair of joint chiefs suggests u.s. military does not want a president hillary by conservativesenior,FAKE
wells fargo is rotting from the top down,FAKE
the media ignores the good news on climate change,FAKE
breaking : wikileaks reveals more clinton “quid pro quo” – bill meets with saudi prince in d.c.,FAKE
suspected bribe paid to bill clinton while hillary was secretary of state,FAKE
the de facto us/al qaeda alliance,FAKE
massachusetts cop’s wife busted for pinning fake home-invasion robbery on black lives matter,FAKE
what non-state disasters could lie ahead?,FAKE
libertarian candidate to msnbc: “i’m here vouching for mrs. clinton.”,FAKE
us backed saudi airstrikes kill 100 yemenis in two days,FAKE
alabama’s human guinea pigs: burning people alive on death row,FAKE
welcome to the ‘islamic state of germany’,FAKE
love him or hate him,FAKE
nation elects first black-hearted president - the onion - america's finest news source,FAKE
koch brothers helped incite the impending bloodbath among republicans,FAKE
i’ve just been threatened by my foreign owned-privatized water co.,FAKE
dispatches from wolf country — kale and seal liver,FAKE
‘conspiracy theorist’ max spiers found dead days after texting his mother to investigate if anything ‘happened to him’,FAKE
cleanse your body of heavy metals with this cilantro recipe,FAKE
more federal government overreach ahead,FAKE
miracle birth in poland: a baby born in 55 days after its mother’s death,FAKE
u.s. stuck with nobody left to sanction in russia over syria,FAKE
peter brimelow on with steve curtis at 8:05 eastern,FAKE
hillary’s ‘russian hack’ hoax: the biggest lie of this election season,FAKE
"when a muslim in america runs for political office, the only reason he is running is to spread islam. period.",FAKE
"cnbc: trump will win the election and is more popular than obama in 2008, ai system finds",FAKE
will the next us president be a psycho lesbian? (plus 2 breaking news videos),FAKE
today i rise: this beautiful short film is like a love poem for your heart and soul,FAKE
‘intl community still financing & protecting terrorists’ – mother agnes on syria [video],FAKE
"breaking: melania trump’s immigration records made public, show trump’s ultimate hypocrisy | addicting info | the knowledge you crave",FAKE
"hillary clinton wants a strong russia. wait, what did she say?",FAKE
the 20 most damning revelations from wikileaks,FAKE
"death of millions of yemenis in the ""forgotten war""",FAKE
trump’s child rape victim just canceled press conference over death threats,FAKE
analyst: most americans like neither candidate,FAKE
"assange: clinton resisted fbi, and now they’re out for payback (john pilger exclusive)",FAKE
rogue journalist has 'october gift' for hillary campaign we're all sure she just 'can't wait' to open,FAKE
us election calls out global warming hoax,FAKE
‘today is one of the heaviest days of my life’,FAKE
police caught spying on journalists to uncover source of leaks,FAKE
senator mark kirk mocks disabled veteran tammy duckworth for mixed-race heritage,FAKE
stop drinking starbucks now! just wait til you see what they did to trump today... * liberty writers news,FAKE
massive marine park declared in antarctic ocean,FAKE
clinton emails: fbi director ignored attorney general's advice not to 'take action that could influence election',FAKE
so someone hated this oasis documentary so much that they voted brexit,FAKE
what does washington ‘plan b’ in syria really mean? | the vineyard of the saker,FAKE
video goes viral of chili’s manager taking away veteran’s food because he’s black (video) – new century times,FAKE
re: get ready for civil unrest: survey finds that most americans are concerned about election violence,FAKE
russian paper of us errors in syria shakes un,FAKE
trump kills the gop with the lowest score in history of presidential leadership poll,FAKE
#draftourdaughters: pro-war hillary faces backlash over female draft,FAKE
j. edgar comey,FAKE
breaking : hillary sent “marked classified” info to nonsecure huma abedin account – truthfeed,FAKE
statistical tie: latest breitbart/gravis poll shows donald trump closes the gap with less than two weeks left,FAKE
"muslim ‘refugee’ locks wife in bedroom, sets house on fire, watches her burn – media silence",FAKE
comment on a colorado ballot measure could make it nearly impossible to ban fracking by lyle,FAKE
from berkeley to kent state,FAKE
fbi reopens clinton investigation as new emails found ‒ comey,FAKE
realities faced by black canadians are a national shame,FAKE
clinton’s campaign chairman john podesta invited to an occult ‘spirit cooking’ dinner by marina abramović,FAKE
"love him or hate him, anderson cooper just put a 3rd degree burn on newt for megyn kelly 'sex' insult",FAKE
october boomerang,FAKE
russia's fsb arrests ukrainian terrorists in sevastopol (video),FAKE
"truth: no apartheid in israel, says black south african politician",FAKE
"corey goode vlog update: behind the scenes with david wilcock, sean stone, niara isley",FAKE
chelsea’s $3m wedding paid by foundation? emails: tax-free funds floated a “decade of her life”,FAKE
comment on ny times: trump supporters are threatening a ‘violent revolution’ if hillary wins by richard johnson,FAKE
putin and xi in western propaganda – why does xjp get off so lightly? moscow-beijing express on the saker 161029,FAKE
"david brooks: whites are “voting their gene pool” after being “ruined” by globalization, immigration, and feminism",FAKE
invisible nation,FAKE
#nodapl spills over: musicians boycott dakota access pipeline ceo’s record label & festival,FAKE
"meteor, space junk, rocket? mysterious flash hits siberia",FAKE
arrests for cannabis possession outnumber arrests for all violent crimes combined,FAKE
flashback: clinton campaign’s press secretary once thought it was a bad look to second-guess james comey – twitchy.com,FAKE
millions of south koreans rise up against shadow government,FAKE
mystery solved! so this is what gets hillary clinton to get movin’ – twitchy.com,FAKE
hillary’s body language analyzed after hearing about fbi reopening case – usapoliticsnow,FAKE
"all governments lie, the movie",FAKE
the moon that fell from heaven,FAKE
will barack obama delay or suspend the election if hillary is forced out by the new fbi email investigation?,FAKE
fukushima: the extinction-level event that no one is talking about,FAKE
anonymous launches #opnodapl in solidarity with native americans against dakota access pipeline,FAKE
"biden blames “lazy american women” for the economy: “they sit around doing nothing, only hillary can force them to work” | endingfed news network",FAKE
major garrett spots trouble at trump rally but swears it’s ‘not a metaphor’,FAKE
economic racial disparity in north carolina,FAKE
serving veterans’ mental health needs in eastern iowa,FAKE
trump declared the winner,FAKE
7 wikileaks hillary revelations the media won’t cover,FAKE
total desperation sets in as president obama plays the woman card,FAKE
vertical pools help heal wounded combat veterans seeks positive doers to help make it happen,FAKE
collusion between facebook and hillary’s campaign revealed in clinton emails,FAKE
southern poverty law center names florida-based now the end begins as ‘active anti government group’,FAKE
4 best health benefits of sweating,FAKE
delete your account – episode 18: prison strike update,FAKE
lowry and mcilroy off to good start at bltc-ntpl-bdtn-stfl tournament,FAKE
leaked memo: is soros planning ‘series of color revolutions’ in southeast asia?,FAKE
instagram beauty used to cry looking in the mirror. now she’s taking off her makeup to show what ‘perfect’ people can hide,FAKE
here goes nothing: futilitys song,FAKE
"trump follows through. more soon, unfortunately.",FAKE
you might want to be sitting down: michael moore explains how he can relate to trump supporters,FAKE
did trump make a “secret deal not to prosecute hillary” in exchange for her concession?,FAKE
taking a page from joe mccarthy,FAKE
chart of the day: russia must want war—look how close they have put their borders to our military bases!,FAKE
"for the small price of $2.3 million, you could own this beautiful, self-sufficient island",FAKE
hillary clinton’s gun control agenda exposed in wikileaks emails,FAKE
"hacker guccifer 2.0 says election could be rigged, promises to monitor 'from inside'",FAKE
comment on does hillary have the temperament to have her finger on the nuclear button? by debbie menon,FAKE
the man behind the trump rally disturbance in reno,FAKE
"scientists leak evidence that approve elon musk's theory: the universe is a ""computer"" simulation",FAKE
scandalous poll: 84% of ukrainians want putin as their president - fort russ,FAKE
"trump haters mow down signs, “black women for trump” make them famous",FAKE
hidden camera: nyc democratic election commissioner “i think there is a lot of voter fraud” | project veritas,FAKE
boom: the “clinton double standard” brutally exposed,FAKE
ron paul to trump: don't listen to neocons!,FAKE
mind over matter: unseen world of energy now uncovered with bioelectrophotography,FAKE
video: muslim migrant jihad shooting rampage at washington state mall,FAKE
americans given historic opportunity to tell donald trump to go fuck himself,FAKE
five filipino hostages freed by somali pirates reunite with families,FAKE
comment on mark ruffalo delivers mobile solar trailers to standing rock camps in preparation for harsh winter by t. mohr,FAKE
re-appraisal of mark twain underway after discovery of ‘good wank spoiled’ note,FAKE
bullion banks pass the parcel on el salvador’s gold reserves,FAKE
project veritas releases fourth video exposing illegal contributions and high level political corruption,FAKE
breaking: fbi has been compromised! look what hillary did to sabotage new investigation... * liberty writers news,FAKE
"pakistan recalls diplomats from india, threatens to expel indian envoys",FAKE
comment on obamamometer whispers dapl sweet nothings to lure progressives by flora,FAKE
re: wikileaks: ‘how is what bill clinton did different from what bill cosby did?’ #podestaemails20,FAKE
hillaryous! clinton adviser neera tanden wonders why fbi didn’t take ‘stock’ of the situation before acting,FAKE
iraqi elite forces stretched thin by isis tactics around mosul,FAKE
jury rules in favor of bundy in oregon standoff case,FAKE
syria rejects west accusations over chemical attacks,FAKE
re: can’t make this up: michael moore is pissed that his anti-trump movie might help elect donald trump,FAKE
"obama furious after fed-up ‘deplorables’ drop 41,000-piece gift on him",FAKE
battle over dakota access pipeline should be the most important of the year,FAKE
"vicar sacked over orgies, hookers & porn after wife exposes his double life",FAKE
are detroit’s most terrible schools unconstitutional?,FAKE
us airstrikes on iraqi army slowing advance on mosul,FAKE
minnesota somali groups join to speak with one voice at capitol,FAKE
donald trump appoints lord voldemort as chief of staff,FAKE
isis executes 300 iraqi civilians by firing squad north of mosul,FAKE
"‘tired of waiting’ for politicians, voters put minimum wage on ballot in four states",FAKE
re: early voting results in key battleground states appear to favor donald trump,FAKE
"private equity consultant hamilton lane trots out new excuse, “evil populists,” for already-flagging private equity performance",FAKE
collective gridwork fluctuations – lisa transcendence brown,FAKE
liberalism yet to come: the boundaries of the thinkable,FAKE
breaking – wikileaks batch 19 email reveals clinton campaign very concerned about “the black” vote,FAKE
5 treadmill tips to burn more calories and 5 common mistakes to avoid,FAKE
breaking: wikileaks just released full isis donor list with names | conservative daily post,FAKE
the sleep of separateness,FAKE
‘chilled out’ company has mandatory fancy dress friday,FAKE
"nypd catches itself selling stolen goods, blames business owner",FAKE
most idiotic comment ever? “sell gold because inflation will spike”,FAKE
comment on like a ‘concentration camp’ police mark dapl protesters with numbers & lock them in dog kennels by marlene,FAKE
election result discussion for the 2016 presidential election (open thread),FAKE
"ngos should condemn terrorists in syria, not russia fighting them",FAKE
comment on project veritas releases fourth video exposing illegal contributions and high level political corruption by lakshmima,FAKE
breaking: racketeering indictment of hillary clinton now ‘likely’ as foia for datto backup device reveals fbi possesses all the incriminating emails,FAKE
the trump – epstein rape lawsuit,FAKE
"donald trump uses ""beautiful"" scissors to cut ribbon on new d.c. hotel",FAKE
"“we won, you lost, get over it” brexiters told outside high court",FAKE
"hillary tweets out article calling her “most corrupt, least popular” candidate of all time",FAKE
gop senators warn negotiators: us climate goals might not last,FAKE
england players controversially allowed to wear three lions,FAKE
revealed: hillary sat on sex misconduct allegations against trump for months,FAKE
sucking the blood of a declining civilization,FAKE
"“they got in there and totally took it over” – the tea party, black lives matter and the 99% protesters have all been absorbed by the establishment",FAKE
drones are officially cleaning up ocean trash [watch],FAKE
‘sunk costs’: $58 billion wasted on imaginary weapons since 1997,FAKE
is your promising internet career over now vine is dead? write for newsbiscuit to cheer yourself up,FAKE
the geopolitics of russia-egypt relations,FAKE
asteroid warning system found ‘city-killer’ object heading toward earth,FAKE
the retirement nightmare: “there will be life altering ramifications for those who can’t or won’t adapt to new realities”,FAKE
michelle malkin schooled the idiots on ‘the view’ on obama’s lies to america. they’re speechless!,FAKE
trump is deadbeating on his campaign debts by refusing to pay his own pollster,FAKE
veteran forced to pay back bonus: ‘i was left nearly penniless’,FAKE
watch beyoncé tell the entire world why she supports hillary; grab your tissues (video),FAKE
donald trump kicks off final campaign day with fla. rally,FAKE
the path to total dictatorship: america’s “shadow government” and its silent coup,FAKE
the real reason behind saakashvili's resignation,FAKE
pacific islanders may have dna of unknown human species,FAKE
rt’s peter lavelle interviews dr. ron paul about donald trump,FAKE
"isis uses an industrial dough kneader to kill 250 children, roasts adults in a bakery oven in douma, syria",FAKE
poll: trump pulls ahead in florida,FAKE
couple seeking house willing to do webcam show for landlords,FAKE
"clinton scandal avalanche: bombshells too numerous to cover, too unspeakable to mention",FAKE
will michelle obama be the replacement nominee if the fbi email investigation ends hillary clinton’s campaign?,FAKE
scientists believe they have found et,FAKE
the hatred that trump’s lies will leave behind,FAKE
isis leader ‘hiding in mosul’ as troops storm iraqi city,FAKE
just as you expected: southern poverty law center’s $300 million war chest likely being funded by muslim terrorist states,FAKE
3 mineral waters that can remove aluminum from the brain,FAKE
comment on links 11/4/16 by openthepodbaydoorshal,FAKE
‘is america now a banana republic’,FAKE
if it’s she,FAKE
shallow 5.4 magnitude earthquake rattles central italy; shakes buildings in rome,FAKE
canada and eu sign ‘thoroughly undemocratic’ ceta trade deal,FAKE
if hillary and obama didn't use email server and stop benghazi sending shoulder fired missiles we'd be in wwiii with russia right now.,FAKE
"putin: ""russia is not going to attack anyone""",FAKE
full list of american eugenics society members 1945- 2009: research away with this resource,FAKE
clinton's web of deception,FAKE
social media activity can show early signs of depression and schizophrenia,FAKE
inspirational video : 94 year old supporter walks a mile a day stumping for trump – truthfeed,FAKE
who will weed out the warmongers?,FAKE
another one bites the dust: third usaf weather satellite breaks up in orbit,FAKE
"horror as cop sees slumped woman’s hand, gets worse as he looks in backseat",FAKE
the most interesting chart in the world – part 2,FAKE
‘like asking if you’ll stop beating your wife’: saudi ambassador to us dodges yemen cluster bomb question - american herald tribune,FAKE
deterioration of interracial relations during barack obama’s presidency,FAKE
us nato to attack putin military drills in russia – world war 3 red alert kopya,FAKE
wallonia caves in? belgium reaches secret eu-canada trade deal compromise,FAKE
syrian boys banned from swimming pool after girls as young as nine sexually assaulted (pinned),FAKE
can the great nuclear war be prevented ?,FAKE
three rules for rulers,FAKE
maryland academics propose income-based per-mile driving tax,FAKE
news we don't have time to write about (archive),FAKE
steve pieczenik: wikileaks revelations a counter coup to america’s takeover (video),FAKE
angelina jolie’s father speaks out against illuminati,FAKE
set staff horrified at what hillary is caught doing after brutal interview,FAKE
i just ate a giant cheese pizza w fries. ask me anything,FAKE
"jill stein blasts ‘attack-dog’ media, clinton protectionists after daily beast smear",FAKE
leaked documents reveal expansive soros funding to manipulate federal elections,FAKE
hillary clinton on new fbi probe: ‘i would urge everybody to get out & vote early!’,FAKE
this man dressed as the “20th century fox shitty flute” meme for halloween,FAKE
"syrian war report – october 28, 2016: militants make do-or-die attempt to break aleppo siege",FAKE
news: shaking up washington: donald trump just appointed a cloaked man as secretary of the hook,FAKE
buzz aldrin: we were ordered away from the moon,FAKE
election rigging and dirty tricks against trump and brexit — slattery and collett,FAKE
news: election night disaster: john king tapped his electoral college map too hard and fell headfirst into a digital hellscape,FAKE
selling ‘regime change’ wars to the masses,FAKE
russian fm lavrov reminds usa of war crimes in yugoslavia,FAKE
tomi lahren has special message for celebrities who said they'd move to canada if trump won [video] » 100percentfedup.com,FAKE
bloodshed predicted in us after elections,FAKE
"trump crowd chants lock her up, lock her up on cnn",FAKE
"as fixes for obamacare begin, meet the hopelessly confusing ‘all-payer model’",FAKE
"tom hayden: revolution, protest and america",FAKE
three quarters of americans oppose gun control,FAKE
donald trump receives bay of pigs veterans association's first ever endorsement - breitbart,FAKE
video of the day – john pilger interviews julian assange,FAKE
"germany: students forced to chant ‘allahu akbar,’ punished for refusing trip to mosque",FAKE
he who has no name speaks: italian earthquakes were retribution for anti-jewish unesco vote,FAKE
americans approve dope. more soon.,FAKE
"watch: trump gropes, humiliates miss universe just to get revenge",FAKE
“my trampoline addiction hell” buster the boxer tells all,FAKE
‘this is treason’: clinton’s email server reportedly exposed to hackers of 5 spy agencies,FAKE
processed red meat found to sort you out,FAKE
clinton campaign chair john podesta’s brother is an active foreign agent on the saudi arabian payroll,FAKE
"bad news: hillary’s pimping past exposed, dirty whoring details leaked",FAKE
the left’s vision,FAKE
fbi finds no evidence to prove trump's relations with moscow. clinton thinks otherwise,FAKE
ukraine stunned as vast cash reserves of political elite are made public - tyler durden,FAKE
chart of the day: flows to passive funds booby-trapping stock and bond markets,FAKE
project veritas: bartender who recorded romney’s 47 percent speech was part of ‘coordinated operation’,FAKE
does obama have a brilliant career ahead of him? | new eastern outlook,FAKE
nato forces russia to take retaliatory moves,FAKE
black mob viciously beats white trump voter,FAKE
security co. running dakota access pipeline has ties to u.s. military in iraq and afghanistan,FAKE
watch: the plan has been exposed: “the secretive effort to reduce the population and bring resource use into strict centralized control”,FAKE
dilbert creator explains “how do i know the emails are that bad?”,FAKE
va backlog means thousands of veterans owed money in nc,FAKE
arctic foxes grow gardens on their dens,FAKE
halloween costumes mocking #nodapl activists hit social media,FAKE
"overview of military situation in aleppo city on november 13, 2016 (maps, videos, photos) - russia news now",FAKE
"attack on school in syria's idlib kills 22 children, six teachers - unicef",FAKE
top citi analyst issues important update on the gold market,FAKE
re: michelle obama calls for a ‘president who takes the job seriously’,FAKE
the book of alien races exposed,FAKE
parsing the comey letter with michel chossudovsky [audio],FAKE
should i get botox?,FAKE
russia calls the war party's bluff,FAKE
bernie sanders: the democratic primary gave me ‘leverage i intend to use’ to pressure hillary clinton,FAKE
"pipeline police strip search native girl, then leave her naked in jail overnight",FAKE
currency crisis: alasdair macleod on the vexed question of the dollar,FAKE
paper tiger isis digs into mosul,FAKE
